date,moon_phase,distance_km,theoretical_tide_force_index,earthquake_count_m4_plus
2021-08-27,0.7958,398292.6,0.89897,55
2021-08-28,0.7128,401315.9,0.87880,43
2021-08-29,0.6232,403290.3,0.86596,44
2021-08-30,0.5298,404053.9,0.86106,48
2021-08-31,0.4353,403537.3,0.86437,92
2021-09-01,0.3426,401769.5,0.87583,39
2021-09-02,0.2544,398877.3,0.89502,41
2021-09-03,0.1738,395077.4,0.92109,32
2021-09-04,0.1045,390660.8,0.95269,45
2021-09-05,0.0503,385967.7,0.98786,52
2021-09-06,0.0150,381355.2,1.02414,47
2021-09-07,0.0019,377157.9,1.05872,36
2021-09-08,0.0135,373649.8,1.08882,55
2021-09-09,0.0505,371013.1,1.11220,78
2021-09-10,0.1118,369324.3,1.12753,43
2021-09-11,0.1944,368559.4,1.13456,50
2021-09-12,0.2934,368620.2,1.13400,45
2021-09-13,0.4031,369370.9,1.12710,40
2021-09-14,0.5171,370675.3,1.11524,38
2021-09-15,0.6293,372425.7,1.09959,44
2021-09-16,0.7336,374555.0,1.08094,52
2021-09-17,0.8251,377033.2,1.05977,44
2021-09-18,0.8997,379849.6,1.03637,40
2021-09-19,0.9543,382988.4,1.01110,36
2021-09-20,0.9873,386403.9,0.98452,36
2021-09-21,0.9984,390002.0,0.95752,40
2021-09-22,0.9883,393633.8,0.93126,57
2021-09-23,0.9586,397100.0,0.90709,47
2021-09-24,0.9116,400166.6,0.88640,38
2021-09-25,0.8500,402587.2,0.87050,36
2021-09-26,0.7764,404129.1,0.86058,54
2021-09-27,0.6933,404598.2,0.85759,42
2021-09-28,0.6034,403862.7,0.86228,45
2021-09-29,0.5091,401871.6,0.87516,41
2021-09-30,0.4131,398669.8,0.89642,32
2021-10-01,0.3184,394406.0,0.92581,33
2021-10-02,0.2283,389333.1,0.96247,40
2021-10-03,0.1472,383798.4,1.00471,37
2021-10-04,0.0795,378219.5,1.04983,42
2021-10-05,0.0303,373045.6,1.09412,54
2021-10-06,0.0043,368704.2,1.13322,31
2021-10-07,0.0049,365542.6,1.16288,46
2021-10-08,0.0336,363775.8,1.17991,42
2021-10-09,0.0893,363457.1,1.18302,44
2021-10-10,0.1682,364482.0,1.17306,33
2021-10-11,0.2649,366624.4,1.15262,39
2021-10-12,0.3728,369591.7,1.12508,40
2021-10-13,0.4852,373083.5,1.09379,40
2021-10-14,0.5960,376837.7,1.06142,32
2021-10-15,0.6999,380656.0,1.02980,44
2021-10-16,0.7925,384408.7,0.99993,43
2021-10-17,0.8704,388023.8,0.97224,43
2021-10-18,0.9311,391464.6,0.94683,37
2021-10-19,0.9730,394704.3,0.92371,38
2021-10-20,0.9953,397703.2,0.90297,22
2021-10-21,0.9981,400392.6,0.88490,37
2021-10-22,0.9821,402667.0,0.86999,31
2021-10-23,0.9486,404387.8,0.85893,38
2021-10-24,0.8992,405394.3,0.85254,36
2021-10-25,0.8359,405522.6,0.85174,27
2021-10-26,0.7606,404627.4,0.85740,38
2021-10-27,0.6755,402606.9,0.87038,23
2021-10-28,0.5829,399426.0,0.89134,21
2021-10-29,0.4852,395137.9,0.92067,43
2021-10-30,0.3855,389900.9,0.95827,37
2021-10-31,0.2873,383986.7,1.00323,44
2021-11-01,0.1953,377776.8,1.05352,43
2021-11-02,0.1148,371741.0,1.10568,53
2021-11-03,0.0518,366393.8,1.15480,44
2021-11-04,0.0122,362229.2,1.19509,41
2021-11-05,0.0004,359642.1,1.22106,31
2021-11-06,0.0187,358857.4,1.22909,37
2021-11-07,0.0661,359888.4,1.21856,29
2021-11-08,0.1386,362542.1,1.19200,38
2021-11-09,0.2302,366468.9,1.15409,39
2021-11-10,0.3340,371238.4,1.11018,39
2021-11-11,0.4431,376416.0,1.06499,36
2021-11-12,0.5517,381622.8,1.02199,33
2021-11-13,0.6549,386568.5,0.98327,47
2021-11-14,0.7489,391060.4,0.94977,72
2021-11-15,0.8307,394994.1,0.92168,49
2021-11-16,0.8979,398332.0,0.89870,31
2021-11-17,0.9490,401077.1,0.88037,34
2021-11-18,0.9828,403246.5,0.86624,49
2021-11-19,0.9987,404849.3,0.85599,43
2021-11-20,0.9965,405870.4,0.84955,35
2021-11-21,0.9767,406264.4,0.84708,26
2021-11-22,0.9399,405956.9,0.84901,43
2021-11-23,0.8875,404855.9,0.85595,44
2021-11-24,0.8209,402869.3,0.86868,40
2021-11-25,0.7417,399928.4,0.88798,40
2021-11-26,0.6520,396013.4,0.91458,35
2021-11-27,0.5543,391179.3,0.94890,39
2021-11-28,0.4514,385578.7,0.99086,38
2021-11-29,0.3473,379476.7,1.03943,41
2021-11-30,0.2465,373253.0,1.09230,73
2021-12-01,0.1551,367383.0,1.14549,54
2021-12-02,0.0796,362393.2,1.19347,35
2021-12-03,0.0266,358789.5,1.22979,44
2021-12-04,0.0016,356969.3,1.24870,57
2021-12-05,0.0074,357140.3,1.24691,49
2021-12-06,0.0434,359273.9,1.22482,44
2021-12-07,0.1059,363113.2,1.18638,61
2021-12-08,0.1889,368230.2,1.13761,97
2021-12-09,0.2855,374112.5,1.08478,59
2021-12-10,0.3892,380248.3,1.03311,36
2021-12-11,0.4944,386191.7,0.98615,46
2021-12-12,0.5965,391599.4,0.94585,54
2021-12-13,0.6919,396242.7,0.91299,39
2021-12-14,0.7778,400000.4,0.88750,73
2021-12-15,0.8521,402840.1,0.86886,56
2021-12-16,0.9127,404793.2,0.85635,47
2021-12-17,0.9583,405928.3,0.84918,32
2021-12-18,0.9874,406326.1,0.84669,53
2021-12-19,0.9993,406057.7,0.84837,30
2021-12-20,0.9935,405169.9,0.85396,36
2021-12-21,0.9699,403678.7,0.86346,45
2021-12-22,0.9289,401571.3,0.87713,57
2021-12-23,0.8714,398817.5,0.89542,32
2021-12-24,0.7989,395388.5,0.91892,39
2021-12-25,0.7131,391282.0,0.94816,42
2021-12-26,0.6164,386549.5,0.98341,59
2021-12-27,0.5120,381321.5,1.02442,30
2021-12-28,0.4038,375826.8,1.07001,38
2021-12-29,0.2968,370397.7,1.11775,64
2021-12-30,0.1972,365454.8,1.16372,50
2021-12-31,0.1118,361465.4,1.20268,38
2022-01-01,0.0473,358875.6,1.22891,33
2022-01-02,0.0096,358027.6,1.23766,34
2022-01-03,0.0018,359083.4,1.22677,30
2022-01-04,0.0239,361982.1,1.19754,35
2022-01-05,0.0730,366447.5,1.15429,45
2022-01-06,0.1437,372041.2,1.10300,40
2022-01-07,0.2299,378243.2,1.04963,37
2022-01-08,0.3256,384531.9,0.99897,32
2022-01-09,0.4255,390447.1,0.95425,43
2022-01-10,0.5253,395628.7,0.91725,52
2022-01-11,0.6215,399832.2,0.88862,79
2022-01-12,0.7114,402927.4,0.86830,48
2022-01-13,0.7926,404885.8,0.85576,44
2022-01-14,0.8630,405760.6,0.85024,39
2022-01-15,0.9205,405663.2,0.85085,56
2022-01-16,0.9634,404738.0,0.85670,56
2022-01-17,0.9899,403138.2,0.86694,53
2022-01-18,0.9986,401004.6,0.88085,63
2022-01-19,0.9886,398449.9,0.89790,55
2022-01-20,0.9595,395550.5,0.91779,44
2022-01-21,0.9116,392348.9,0.94044,47
2022-01-22,0.8459,388864.4,0.96595,59
2022-01-23,0.7642,385113.8,0.99445,42
2022-01-24,0.6691,381136.6,1.02591,51
2022-01-25,0.5640,377021.6,1.05987,46
2022-01-26,0.4533,372927.2,1.09516,42
2022-01-27,0.3424,369090.3,1.12967,34
2022-01-28,0.2374,365816.1,1.16028,48
2022-01-29,0.1451,363445.4,1.18313,74
2022-01-30,0.0720,362300.8,1.19438,50
2022-01-31,0.0234,362621.3,1.19122,47
2022-02-01,0.0025,364503.1,1.17286,46
2022-02-02,0.0100,367866.0,1.14099,57
2022-02-03,0.0437,372456.7,1.09932,48
2022-02-04,0.0996,377887.6,1.05260,31
2022-02-05,0.1727,383697.3,1.00550,47
2022-02-06,0.2578,389414.9,0.96186,58
2022-02-07,0.3502,394614.1,0.92434,44
2022-02-08,0.4460,398951.2,0.89452,52
2022-02-09,0.5417,402185.4,0.87311,43
2022-02-10,0.6346,404185.4,0.86022,45
2022-02-11,0.7220,404925.9,0.85551,43
2022-02-12,0.8017,404475.2,0.85837,35
2022-02-13,0.8711,402978.8,0.86797,69
2022-02-14,0.9278,400637.4,0.88327,42
2022-02-15,0.9692,397682.2,0.90311,30
2022-02-16,0.9930,394349.2,0.92621,44
2022-02-17,0.9972,390854.0,0.95128,43
2022-02-18,0.9805,387371.8,0.97716,39
2022-02-19,0.9423,384025.8,1.00293,23
2022-02-20,0.8834,380887.0,1.02793,50
2022-02-21,0.8056,377985.2,1.05178,67
2022-02-22,0.7120,375331.6,1.07425,52
2022-02-23,0.6065,372944.5,1.09501,33
2022-02-24,0.4943,370874.5,1.11345,41
2022-02-25,0.3812,369219.3,1.12849,52
2022-02-26,0.2733,368124.1,1.13859,42
2022-02-27,0.1769,367763.2,1.14195,40
2022-02-28,0.0979,368305.4,1.13691,44
2022-03-01,0.0409,369870.6,1.12254,48
2022-03-02,0.0088,372489.5,1.09903,50
2022-03-03,0.0026,376077.0,1.06787,51
2022-03-04,0.0211,380429.5,1.03164,43
2022-03-05,0.0614,385244.3,0.99344,39
2022-03-06,0.1201,390157.4,0.95638,43
2022-03-07,0.1929,394786.5,0.92313,41
2022-03-08,0.2759,398773.5,0.89572,46
2022-03-09,0.3657,401818.5,0.87551,30
2022-03-10,0.4591,403703.4,0.86330,28
2022-03-11,0.5532,404307.0,0.85944,37
2022-03-12,0.6455,403609.9,0.86390,37
2022-03-13,0.7333,401693.3,0.87633,66
2022-03-14,0.8137,398730.7,0.89601,61
2022-03-15,0.8837,394971.7,0.92183,64
2022-03-16,0.9399,390720.6,0.95225,66
2022-03-17,0.9788,386306.4,0.98527,77
2022-03-18,0.9974,382049.0,1.01857,57
2022-03-19,0.9932,378224.7,1.04979,65
2022-03-20,0.9648,375037.0,1.07678,56
2022-03-21,0.9125,372600.1,1.09805,52
2022-03-22,0.8385,370939.3,1.11286,63
2022-03-23,0.7462,370009.2,1.12128,69
2022-03-24,0.6408,369724.5,1.12387,41
2022-03-25,0.5281,369994.1,1.12141,53
2022-03-26,0.4141,370749.7,1.11457,40
2022-03-27,0.3050,371961.2,1.10372,35
2022-03-28,0.2067,373635.4,1.08895,35
2022-03-29,0.1240,375798.7,1.07025,47
2022-03-30,0.0609,378471.2,1.04774,44
2022-03-31,0.0198,381637.2,1.02188,85
2022-04-01,0.0018,385222.9,0.99361,39
2022-04-02,0.0065,389084.7,0.96431,45
2022-04-03,0.0322,393014.0,0.93568,60
2022-04-04,0.0765,396753.1,0.90947,47
2022-04-05,0.1366,400021.2,0.88736,46
2022-04-06,0.2092,402543.6,0.87079,45
2022-04-07,0.2916,404080.4,0.86089,44
2022-04-08,0.3809,404451.5,0.85852,44
2022-04-09,0.4744,403556.5,0.86425,47
2022-04-10,0.5696,401388.7,0.87832,45
2022-04-11,0.6637,398043.1,0.90066,59
2022-04-12,0.7535,393717.3,0.93067,41
2022-04-13,0.8354,388703.3,0.96715,46
2022-04-14,0.9053,383369.2,1.00809,41
2022-04-15,0.9587,378128.1,1.05059,41
2022-04-16,0.9912,373394.6,1.09105,35
2022-04-17,0.9991,369534.6,1.12560,52
2022-04-18,0.9803,366815.7,1.15082,46
2022-04-19,0.9346,365372.6,1.16451,60
2022-04-20,0.8645,365197.2,1.16619,58
2022-04-21,0.7743,366156.8,1.15704,40
2022-04-22,0.6699,368036.2,1.13941,34
2022-04-23,0.5579,370588.8,1.11602,53
2022-04-24,0.4445,373582.8,1.08941,60
2022-04-25,0.3358,376832.2,1.06147,44
2022-04-26,0.2369,380208.6,1.03344,39
2022-04-27,0.1519,383635.3,1.00599,38
2022-04-28,0.0841,387068.8,0.97946,37
2022-04-29,0.0356,390474.4,0.95405,39
2022-04-30,0.0077,393802.9,0.93007,35
2022-05-01,0.0003,396973.0,0.90796,38
2022-05-02,0.0128,399863.7,0.88841,31
2022-05-03,0.0439,402316.5,0.87226,33
2022-05-04,0.0915,404147.7,0.86046,41
2022-05-05,0.1537,405166.9,0.85398,45
2022-05-06,0.2279,405199.9,0.85377,39
2022-05-07,0.3120,404112.5,0.86068,27
2022-05-08,0.4035,401833.4,0.87541,46
2022-05-09,0.4999,398374.6,0.89841,50
2022-05-10,0.5983,393846.7,0.92975,47
2022-05-11,0.6955,388468.0,0.96891,39
2022-05-12,0.7873,382563.7,1.01447,43
2022-05-13,0.8690,376550.6,1.06385,27
2022-05-14,0.9352,370904.9,1.11317,34
2022-05-15,0.9803,366109.9,1.15749,35
2022-05-16,0.9995,362590.0,1.19152,36
2022-05-17,0.9900,360642.7,1.21093,54
2022-05-18,0.9512,360388.5,1.21349,31
2022-05-19,0.8860,361755.6,1.19979,36
2022-05-20,0.7994,364506.4,1.17283,33
2022-05-21,0.6978,368294.5,1.13701,43
2022-05-22,0.5881,372735.3,1.09685,38
2022-05-23,0.4769,377466.7,1.05612,46
2022-05-24,0.3697,382191.2,1.01744,47
2022-05-25,0.2709,386693.6,0.98231,29
2022-05-26,0.1842,390838.6,0.95139,47
2022-05-27,0.1123,394555.0,0.92476,24
2022-05-28,0.0573,397812.1,0.90223,31
2022-05-29,0.0204,400594.9,0.88356,34
2022-05-30,0.0022,402882.2,0.86859,31
2022-05-31,0.0028,404631.6,0.85737,31
2022-06-01,0.0217,405772.7,0.85016,42
2022-06-02,0.0577,406209.6,0.84742,62
2022-06-03,0.1097,405831.2,0.84979,43
2022-06-04,0.1758,404528.6,0.85803,43
2022-06-05,0.2542,402216.1,0.87291,38
2022-06-06,0.3428,398856.1,0.89516,37
2022-06-07,0.4392,394481.6,0.92527,38
2022-06-08,0.5405,389218.1,0.96332,33
2022-06-09,0.6431,383297.6,1.00865,45
2022-06-10,0.7428,377062.7,1.05952,27
2022-06-11,0.8341,370953.6,1.11273,62
2022-06-12,0.9108,365473.7,1.16354,59
2022-06-13,0.9666,361129.8,1.20604,34
2022-06-14,0.9959,358354.8,1.23427,57
2022-06-15,0.9953,357428.5,1.24389,43
2022-06-16,0.9642,358421.7,1.23358,41
2022-06-17,0.9055,361184.1,1.20549,34
2022-06-18,0.8246,365381.7,1.16442,33
2022-06-19,0.7282,370568.3,1.11621,36
2022-06-20,0.6231,376266.9,1.06626,40
2022-06-21,0.5154,382038.5,1.01866,40
2022-06-22,0.4104,387525.6,0.97600,44
2022-06-23,0.3120,392471.7,0.93956,45
2022-06-24,0.2236,396719.5,0.90970,43
2022-06-25,0.1476,400195.8,0.88620,29
2022-06-26,0.0860,402888.8,0.86855,35
2022-06-27,0.0404,404823.1,0.85616,30
2022-06-28,0.0119,406035.8,0.84851,32
2022-06-29,0.0011,406557.1,0.84525,30
2022-06-30,0.0084,406397.5,0.84625,34
2022-07-01,0.0335,405542.7,0.85161,41
2022-07-02,0.0757,403957.0,0.86168,43
2022-07-03,0.1339,401595.5,0.87697,43
2022-07-04,0.2068,398421.4,0.89809,82
2022-07-05,0.2923,394430.2,0.92563,58
2022-07-06,0.3882,389673.7,0.95995,34
2022-07-07,0.4914,384284.3,1.00090,33
2022-07-08,0.5982,378492.1,1.04756,65
2022-07-09,0.7038,372630.6,1.09778,55
2022-07-10,0.8023,367124.8,1.14791,40
2022-07-11,0.8872,362453.5,1.19287,40
2022-07-12,0.9515,359087.6,1.22673,51
2022-07-13,0.9896,357410.1,1.24408,39
2022-07-14,0.9976,357638.1,1.24171,51
2022-07-15,0.9753,359772.9,1.21973,39
2022-07-16,0.9253,363596.5,1.18166,51
2022-07-17,0.8527,368716.7,1.13311,44
2022-07-18,0.7639,374642.2,1.08019,29
2022-07-19,0.6653,380863.6,1.02812,31
2022-07-20,0.5625,386919.0,0.98060,32
2022-07-21,0.4604,392436.2,0.93982,40
2022-07-22,0.3625,397151.4,0.90674,32
2022-07-23,0.2720,400908.3,0.88149,29
2022-07-24,0.1914,403646.4,0.86367,31
2022-07-25,0.1229,405380.8,0.85263,36
2022-07-26,0.0682,406178.8,0.84761,35
2022-07-27,0.0290,406135.9,0.84788,54
2022-07-28,0.0068,405354.1,0.85280,40
2022-07-29,0.0025,403924.0,0.86189,51
2022-07-30,0.0166,401913.0,0.87489,30
2022-07-31,0.0494,399361.9,0.89176,55
2022-08-01,0.1001,396289.9,0.91266,39
2022-08-02,0.1678,392708.1,0.93787,43
2022-08-03,0.2506,388639.7,0.96763,36
2022-08-04,0.3460,384144.4,1.00200,59
2022-08-05,0.4507,379342.5,1.04053,41
2022-08-06,0.5606,374433.2,1.08200,32
2022-08-07,0.6705,369701.1,1.12408,39
2022-08-08,0.7741,365503.9,1.16325,35
2022-08-09,0.8648,362237.2,1.19501,34
2022-08-10,0.9357,360276.7,1.21462,31
2022-08-11,0.9812,359907.9,1.21836,30
2022-08-12,0.9980,361261.5,1.20472,39
2022-08-13,0.9856,364276.2,1.17505,40
2022-08-14,0.9462,368701.8,1.13325,48
2022-08-15,0.8843,374142.0,1.08453,44
2022-08-16,0.8054,380120.5,1.03416,47
2022-08-17,0.7152,386150.1,0.98647,39
2022-08-18,0.6187,391790.6,0.94447,41
2022-08-19,0.5201,396687.0,0.90993,35
2022-08-20,0.4231,400588.4,0.88360,29
2022-08-21,0.3305,403351.8,0.86556,34
2022-08-22,0.2450,404935.5,0.85545,36
2022-08-23,0.1689,405383.8,0.85261,39
2022-08-24,0.1044,404808.0,0.85625,34
2022-08-25,0.0539,403364.2,0.86548,24
2022-08-26,0.0195,401229.7,0.87937,32
2022-08-27,0.0030,398580.4,0.89702,23
2022-08-28,0.0059,395572.5,0.91764,58
2022-08-29,0.0290,392328.8,0.94059,52
2022-08-30,0.0724,388935.5,0.96542,55
2022-08-31,0.1352,385447.3,0.99187,37
2022-09-01,0.2156,381903.1,1.01974,35
2022-09-02,0.3107,378348.0,1.04876,32
2022-09-03,0.4168,374857.1,1.07833,40
2022-09-04,0.5290,371556.2,1.10733,36
2022-09-05,0.6416,368630.1,1.13391,45
2022-09-06,0.7484,366315.5,1.15554,55
2022-09-07,0.8428,364874.0,1.16929,37
2022-09-08,0.9185,364547.8,1.17243,46
2022-09-09,0.9706,365506.6,1.16323,37
2022-09-10,0.9961,367801.1,1.14159,51
2022-09-11,0.9944,371336.6,1.10929,56
2022-09-12,0.9671,375875.5,1.06959,36
2022-09-13,0.9178,381068.0,1.02646,55
2022-09-14,0.8508,386500.4,0.98379,35
2022-09-15,0.7708,391748.1,0.94478,35
2022-09-16,0.6820,396422.0,0.91175,31
2022-09-17,0.5882,400203.0,0.88615,53
2022-09-18,0.4929,402864.1,0.86871,57
2022-09-19,0.3987,404279.8,0.85962,54
2022-09-20,0.3085,404426.7,0.85868,53
2022-09-21,0.2247,403376.7,0.86540,42
2022-09-22,0.1501,401283.9,0.87901,38
2022-09-23,0.0876,398365.6,0.89847,42
2022-09-24,0.0400,394879.1,0.92248,33
2022-09-25,0.0103,391094.7,0.94952,43
2022-09-26,0.0009,387267.2,0.97795,79
2022-09-27,0.0137,383610.6,1.00619,104
2022-09-28,0.0493,380280.4,1.03285,116
2022-09-29,0.1072,377367.7,1.05695,96
2022-09-30,0.1852,374906.1,1.07791,61
2022-10-01,0.2799,372892.2,1.09547,65
2022-10-02,0.3867,371312.7,1.10951,57
2022-10-03,0.5001,370170.4,1.11981,34
2022-10-04,0.6141,369503.3,1.12589,37
2022-10-05,0.7223,369388.5,1.12694,27
2022-10-06,0.8187,369929.7,1.12200,34
2022-10-07,0.8980,371229.9,1.11025,29
2022-10-08,0.9559,373356.8,1.09138,29
2022-10-09,0.9900,376308.4,1.06590,35
2022-10-10,0.9994,379992.1,1.03521,52
2022-10-11,0.9852,384219.5,1.00141,50
2022-10-12,0.9497,388721.1,0.96702,41
2022-10-13,0.8961,393174.5,0.93453,35
2022-10-14,0.8278,397239.8,0.90613,40
2022-10-15,0.7485,400595.9,0.88355,31
2022-10-16,0.6612,402970.9,0.86802,37
2022-10-17,0.5691,404166.6,0.86034,39
2022-10-18,0.4748,404074.9,0.86092,37
2022-10-19,0.3809,402686.9,0.86986,37
2022-10-20,0.2902,400095.8,0.88687,48
2022-10-21,0.2058,396491.5,0.91127,40
2022-10-22,0.1310,392148.6,0.94189,34
2022-10-23,0.0696,387404.2,0.97692,37
2022-10-24,0.0256,382626.8,1.01397,38
2022-10-25,0.0027,378177.5,1.05018,47
2022-10-26,0.0038,374367.9,1.08257,32
2022-10-27,0.0305,371422.7,1.10852,43
2022-10-28,0.0823,369456.7,1.12631,39
2022-10-29,0.1570,368472.9,1.13536,54
2022-10-30,0.2502,368382.9,1.13619,34
2022-10-31,0.3565,369043.1,1.13011,39
2022-11-01,0.4697,370296.7,1.11867,39
2022-11-02,0.5834,372008.8,1.10329,35
2022-11-03,0.6916,374087.9,1.08500,36
2022-11-04,0.7890,376487.8,1.06438,30
2022-11-05,0.8711,379195.5,1.04174,39
2022-11-06,0.9345,382206.4,1.01732,34
2022-11-07,0.9770,385497.8,0.99148,29
2022-11-08,0.9978,389005.4,0.96490,38
2022-11-09,0.9969,392610.2,0.93857,39
2022-11-10,0.9758,396136.9,0.91372,30
2022-11-11,0.9365,399365.3,0.89174,44
2022-11-12,0.8814,402050.5,0.87399,46
2022-11-13,0.8131,403947.8,0.86174,35
2022-11-14,0.7342,404839.5,0.85605,36
2022-11-15,0.6473,404560.6,0.85783,48
2022-11-16,0.5547,403019.9,0.86770,34
2022-11-17,0.4591,400218.2,0.88605,38
2022-11-18,0.3632,396260.2,0.91287,37
2022-11-19,0.2702,391359.1,0.94760,41
2022-11-20,0.1839,385832.0,0.98891,51
2022-11-21,0.1089,380082.6,1.03447,35
2022-11-22,0.0501,374567.5,1.08084,99
2022-11-23,0.0124,369746.7,1.12367,65
2022-11-24,0.0002,366023.0,1.15831,39
2022-11-25,0.0160,363681.4,1.18083,36
2022-11-26,0.0597,362845.7,1.18901,54
2022-11-27,0.1288,363467.3,1.18292,48
2022-11-28,0.2183,365349.7,1.16473,36
2022-11-29,0.3219,368201.4,1.13787,50
2022-11-30,0.4329,371698.7,1.10606,52
2022-12-01,0.5448,375541.8,1.07245,42
2022-12-02,0.6521,379491.1,1.03931,44
2022-12-03,0.7500,383381.2,1.00799,35
2022-12-04,0.8348,387116.2,0.97910,43
2022-12-05,0.9037,390649.7,0.95277,35
2022-12-06,0.9547,393960.2,0.92895,39
2022-12-07,0.9867,397024.2,0.90761,41
2022-12-08,0.9992,399796.1,0.88886,31
2022-12-09,0.9927,402195.3,0.87305,37
2022-12-10,0.9681,404103.7,0.86074,37
2022-12-11,0.9269,405373.3,0.85268,46
2022-12-12,0.8708,405841.3,0.84973,37
2022-12-13,0.8018,405351.1,0.85282,31
2022-12-14,0.7219,403776.4,0.86283,39
2022-12-15,0.6331,401046.4,0.88057,38
2022-12-16,0.5379,397168.8,0.90662,36
2022-12-17,0.4389,392249.9,0.94116,39
2022-12-18,0.3394,386508.9,0.98372,37
2022-12-19,0.2434,380281.1,1.03285,24
2022-12-20,0.1560,374005.9,1.08571,35
2022-12-21,0.0830,368193.9,1.13794,34
2022-12-22,0.0304,363369.7,1.18387,26
2022-12-23,0.0037,359996.1,1.21747,30
2022-12-24,0.0064,358392.8,1.23388,35
2022-12-25,0.0392,358676.1,1.23096,44
2022-12-26,0.0995,360740.1,1.20995,41
2022-12-27,0.1819,364287.9,1.17494,44
2022-12-28,0.2799,368900.9,1.13141,51
2022-12-29,0.3865,374121.1,1.08471,29
2022-12-30,0.4953,379522.6,1.03905,37
2022-12-31,0.6010,384759.1,0.99720,34
2023-01-01,0.6994,389583.6,0.96061,39
2023-01-02,0.7872,393847.5,0.92975,56
2023-01-03,0.8619,397483.4,0.90447,56
2023-01-04,0.9215,400480.5,0.88431,39
2023-01-05,0.9646,402857.0,0.86876,35
2023-01-06,0.9904,404635.7,0.85735,29
2023-01-07,0.9984,405823.3,0.84984,30
2023-01-08,0.9886,406399.0,0.84624,53
2023-01-09,0.9617,406310.8,0.84679,50
2023-01-10,0.9183,405481.9,0.85199,40
2023-01-11,0.8599,403824.3,0.86253,47
2023-01-12,0.7880,401259.5,0.87917,48
2023-01-13,0.7043,397742.9,0.90270,30
2023-01-14,0.6109,393290.3,0.93371,33
2023-01-15,0.5106,388003.4,0.97240,39
2023-01-16,0.4067,382088.9,1.01826,43
2023-01-17,0.3033,375869.3,1.06964,45
2023-01-18,0.2058,369775.2,1.12341,80
2023-01-19,0.1206,364314.5,1.17468,60
2023-01-20,0.0544,360013.4,1.21729,39
2023-01-21,0.0135,357334.2,1.24488,53
2023-01-22,0.0022,356586.8,1.25272,40
2023-01-23,0.0217,357860.3,1.23939,43
2023-01-24,0.0700,361003.3,1.20730,69
2023-01-25,0.1420,365658.1,1.16178,55
2023-01-26,0.2312,371336.9,1.10929,62
2023-01-27,0.3309,377511.3,1.05575,37
2023-01-28,0.4350,383689.8,1.00556,33
2023-01-29,0.5384,389468.6,0.96146,41
2023-01-30,0.6371,394556.0,0.92475,31
2023-01-31,0.7281,398774.4,0.89571,30
2023-02-01,0.8088,402046.4,0.87402,36
2023-02-02,0.8772,404373.8,0.85902,52
2023-02-03,0.9316,405811.4,0.84992,33
2023-02-04,0.9705,406441.0,0.84598,39
2023-02-05,0.9928,406348.0,0.84656,36
2023-02-06,0.9977,405602.5,0.85123,250
2023-02-07,0.9848,404247.8,0.85982,102
2023-02-08,0.9542,402296.6,0.87239,69
2023-02-09,0.9064,399737.5,0.88925,59
2023-02-10,0.8425,396548.4,0.91088,38
2023-02-11,0.7640,392718.5,0.93779,46
2023-02-12,0.6730,388274.0,0.97037,54
2023-02-13,0.5722,383304.5,1.00860,39
2023-02-14,0.4652,377986.3,1.05177,40
2023-02-15,0.3565,372595.0,1.09809,38
2023-02-16,0.2517,367501.6,1.14439,47
2023-02-17,0.1574,363145.2,1.18607,35
2023-02-18,0.0805,359978.2,1.21765,40
2023-02-19,0.0275,358390.8,1.23390,48
2023-02-20,0.0030,358630.4,1.23143,49
2023-02-21,0.0088,360741.6,1.20993,41
2023-02-22,0.0432,364548.3,1.17242,45
2023-02-23,0.1022,369685.6,1.12422,46
2023-02-24,0.1800,375668.4,1.07136,40
2023-02-25,0.2705,381972.0,1.01919,55
2023-02-26,0.3680,388103.5,0.97164,44
2023-02-27,0.4678,393652.0,0.93114,43
2023-02-28,0.5661,398314.7,0.89882,60
2023-03-01,0.6598,401904.1,0.87495,46
2023-03-02,0.7462,404341.2,0.85922,75
2023-03-03,0.8232,405639.5,0.85100,44
2023-03-04,0.8885,405884.0,0.84946,36
2023-03-05,0.9404,405207.3,0.85373,33
2023-03-06,0.9767,403765.5,0.86290,37
2023-03-07,0.9961,401715.1,0.87618,41
2023-03-08,0.9970,399194.3,0.89289,48
2023-03-09,0.9787,396309.6,0.91253,49
2023-03-10,0.9411,393132.2,0.93483,48
2023-03-11,0.8846,389703.0,0.95973,42
2023-03-12,0.8108,386047.6,0.98725,39
2023-03-13,0.7217,382198.6,1.01738,45
2023-03-14,0.6205,378221.0,1.04982,33
2023-03-15,0.5112,374235.7,1.08371,42
2023-03-16,0.3988,370434.6,1.11742,47
2023-03-17,0.2893,367080.0,1.14833,43
2023-03-18,0.1892,364483.3,1.17305,46
2023-03-19,0.1053,362962.2,1.18786,38
2023-03-20,0.0436,362781.8,1.18963,30
2023-03-21,0.0084,364093.6,1.17682,45
2023-03-22,0.0016,366891.0,1.15011,40
2023-03-23,0.0222,370995.9,1.11235,36
2023-03-24,0.0671,376081.7,1.06783,30
2023-03-25,0.1318,381723.2,1.02119,36
2023-03-26,0.2112,387458.1,0.97651,29
2023-03-27,0.3003,392844.8,0.93689,33
2023-03-28,0.3948,397506.3,0.90431,30
2023-03-29,0.4912,401158.1,0.87984,41
2023-03-30,0.5862,403620.9,0.86383,24
2023-03-31,0.6773,404822.1,0.85617,33
2023-04-01,0.7619,404787.8,0.85638,39
2023-04-02,0.8375,403629.6,0.86378,43
2023-04-03,0.9016,401525.5,0.87743,36
2023-04-04,0.9516,398697.3,0.89623,56
2023-04-05,0.9850,395385.6,0.91894,36
2023-04-06,0.9994,391823.8,0.94423,46
2023-04-07,0.9930,388215.6,0.97080,32
2023-04-08,0.9650,384718.1,0.99752,39
2023-04-09,0.9153,381435.0,1.02350,53
2023-04-10,0.8453,378421.3,1.04815,53
2023-04-11,0.7576,375700.5,1.07109,38
2023-04-12,0.6559,373287.3,1.09199,32
2023-04-13,0.5450,371214.3,1.11039,28
2023-04-14,0.4305,369550.9,1.12545,29
2023-04-15,0.3186,368410.9,1.13593,42
2023-04-16,0.2158,367942.9,1.14027,24
2023-04-17,0.1282,368303.5,1.13693,57
2023-04-18,0.0610,369619.3,1.12483,32
2023-04-19,0.0178,371946.2,1.10385,26
2023-04-20,0.0004,375238.3,1.07505,29
2023-04-21,0.0084,379336.7,1.04058,45
2023-04-22,0.0396,383979.2,1.00329,43
2023-04-23,0.0907,388830.6,0.96620,38
2023-04-24,0.1579,393522.0,0.93206,58
2023-04-25,0.2371,397692.6,0.90304,36
2023-04-26,0.3246,401025.8,0.88071,37
2023-04-27,0.4172,403276.2,0.86605,35
2023-04-28,0.5119,404287.8,0.85956,41
2023-04-29,0.6059,404002.9,0.86138,27
2023-04-30,0.6966,402463.9,0.87130,44
2023-05-01,0.7811,399808.4,0.88878,46
2023-05-02,0.8565,396256.9,0.91289,37
2023-05-03,0.9194,392093.9,0.94228,41
2023-05-04,0.9663,387642.1,0.97512,40
2023-05-05,0.9938,383230.3,1.00918,43
2023-05-06,0.9990,379158.7,1.04205,34
2023-05-07,0.9801,375666.6,1.07138,37
2023-05-08,0.9368,372909.8,1.09531,37
2023-05-09,0.8703,370953.2,1.11274,48
2023-05-10,0.7838,369781.1,1.12335,40
2023-05-11,0.6820,369322.8,1.12754,46
2023-05-12,0.5705,369486.1,1.12605,43
2023-05-13,0.4556,370188.0,1.11965,33
2023-05-14,0.3435,371375.9,1.10894,51
2023-05-15,0.2403,373033.1,1.09423,33
2023-05-16,0.1512,375168.0,1.07565,39
2023-05-17,0.0806,377792.5,1.05339,27
2023-05-18,0.0314,380894.4,1.02787,39
2023-05-19,0.0051,384413.4,0.99990,167
2023-05-20,0.0018,388226.8,0.97072,87
2023-05-21,0.0202,392147.7,0.94189,65
2023-05-22,0.0581,395937.8,0.91510,60
2023-05-23,0.1128,399328.5,0.89199,66
2023-05-24,0.1813,402048.6,0.87401,40
2023-05-25,0.2607,403852.1,0.86235,48
2023-05-26,0.3479,404543.7,0.85793,27
2023-05-27,0.4405,404000.1,0.86140,34
2023-05-28,0.5357,402185.6,0.87311,30
2023-05-29,0.6308,399162.1,0.89310,32
2023-05-30,0.7227,395093.3,0.92098,35
2023-05-31,0.8080,390239.7,0.95578,39
2023-06-01,0.8827,384944.1,0.99577,43
2023-06-02,0.9424,379606.3,1.03836,36
2023-06-03,0.9824,374643.5,1.08018,83
2023-06-04,0.9989,370442.5,1.11735,35
2023-06-05,0.9891,367309.2,1.14618,40
2023-06-06,0.9520,365427.4,1.16398,41
2023-06-07,0.8894,364839.7,1.16962,46
2023-06-08,0.8050,365455.5,1.16371,34
2023-06-09,0.7043,367085.0,1.14829,39
2023-06-10,0.5938,369488.7,1.12602,40
2023-06-11,0.4801,372425.1,1.09960,50
2023-06-12,0.3693,375687.7,1.07120,24
2023-06-13,0.2668,379123.3,1.04234,51
2023-06-14,0.1773,382632.2,1.01392,35
2023-06-15,0.1040,386153.8,0.98644,30
2023-06-16,0.0495,389644.7,0.96016,56
2023-06-17,0.0153,393055.4,0.93538,72
2023-06-18,0.0016,396311.6,0.91251,45
2023-06-19,0.0081,399303.2,0.89216,56
2023-06-20,0.0334,401884.0,0.87508,39
2023-06-21,0.0760,403880.3,0.86217,43
2023-06-22,0.1337,405107.0,0.85436,43
2023-06-23,0.2042,405388.9,0.85258,42
2023-06-24,0.2853,404583.5,0.85768,26
2023-06-25,0.3745,402603.6,0.87040,44
2023-06-26,0.4695,399438.6,0.89125,34
2023-06-27,0.5675,395170.9,0.92044,29
2023-06-28,0.6653,389987.4,0.95763,32
2023-06-29,0.7592,384181.9,1.00170,31
2023-06-30,0.8444,378145.1,1.05045,33
2023-07-01,0.9158,372337.8,1.10037,41
2023-07-02,0.9677,367245.5,1.14678,40
2023-07-03,0.9950,363315.3,1.18440,57
2023-07-04,0.9942,360887.8,1.20846,32
2023-07-05,0.9641,360139.8,1.21601,41
2023-07-06,0.9065,361056.8,1.20677,34
2023-07-07,0.8258,363447.2,1.18311,28
2023-07-08,0.7282,366991.5,1.14916,41
2023-07-09,0.6205,371309.9,1.10953,43
2023-07-10,0.5095,376028.0,1.06829,40
2023-07-11,0.4009,380824.4,1.02843,38
2023-07-12,0.2996,385455.8,0.99181,27
2023-07-13,0.2094,389760.7,0.95930,44
2023-07-14,0.1332,393647.0,0.93117,29
2023-07-15,0.0733,397070.8,0.90729,20
2023-07-16,0.0311,400011.8,0.88743,35
2023-07-17,0.0074,402450.6,0.87139,33
2023-07-18,0.0024,404351.7,0.85916,29
2023-07-19,0.0157,405654.2,0.85091,47
2023-07-20,0.0466,406271.2,0.84704,39
2023-07-21,0.0936,406097.6,0.84812,35
2023-07-22,0.1553,405025.5,0.85488,27
2023-07-23,0.2299,402963.7,0.86807,35
2023-07-24,0.3154,399861.3,0.88843,36
2023-07-25,0.4094,395731.1,0.91654,30
2023-07-26,0.5093,390671.8,0.95261,51
2023-07-27,0.6118,384885.1,0.99622,39
2023-07-28,0.7127,378682.7,1.04598,46
2023-07-29,0.8070,372479.8,1.09911,23
2023-07-30,0.8886,366766.9,1.15128,29
2023-07-31,0.9513,362057.3,1.19679,27
2023-08-01,0.9889,358813.8,1.22954,45
2023-08-02,0.9974,357367.1,1.24453,40
2023-08-03,0.9753,357850.3,1.23950,32
2023-08-04,0.9246,360173.1,1.21567,40
2023-08-05,0.8500,364045.4,1.17729,33
2023-08-06,0.7578,369042.0,1.13012,55
2023-08-07,0.6550,374683.8,1.07983,45
2023-08-08,0.5479,380512.2,1.03097,46
2023-08-09,0.4420,386140.7,0.98654,30
2023-08-10,0.3416,391281.4,0.94816,45
2023-08-11,0.2502,395748.4,0.91642,32
2023-08-12,0.1703,399446.2,0.89120,27
2023-08-13,0.1042,402348.7,0.87205,36
2023-08-14,0.0536,404474.5,0.85837,32
2023-08-15,0.0196,405861.8,0.84960,33
2023-08-16,0.0031,406547.7,0.84531,43
2023-08-17,0.0046,406552.4,0.84528,29
2023-08-18,0.0239,405871.7,0.84954,44
2023-08-19,0.0606,404477.7,0.85835,30
2023-08-20,0.1138,402327.4,0.87219,27
2023-08-21,0.1820,399379.8,0.89164,34
2023-08-22,0.2636,395617.1,0.91733,32
2023-08-23,0.3564,391070.5,0.94970,25
2023-08-24,0.4576,385844.3,0.98881,28
2023-08-25,0.5638,380136.8,1.03402,36
2023-08-26,0.6704,374250.3,1.08359,31
2023-08-27,0.7720,368585.7,1.13432,30
2023-08-28,0.8621,363613.2,1.18149,39
2023-08-29,0.9338,359817.0,1.21928,33
2023-08-30,0.9808,357618.4,1.24191,38
2023-08-31,0.9988,357293.6,1.24530,27
2023-09-01,0.9861,358911.5,1.22854,24
2023-09-02,0.9445,362314.8,1.19424,25
2023-09-03,0.8787,367151.7,1.14766,30
2023-09-04,0.7946,372945.6,1.09500,39
2023-09-05,0.6987,379178.3,1.04188,42
2023-09-06,0.5969,385362.3,0.99253,28
2023-09-07,0.4943,391091.6,0.94954,34
2023-09-08,0.3948,396066.6,0.91421,54
2023-09-09,0.3017,400099.6,0.88684,46
2023-09-10,0.2175,403105.4,0.86715,47
2023-09-11,0.1445,405082.7,0.85451,38
2023-09-12,0.0847,406091.3,0.84816,30
2023-09-13,0.0399,406227.9,0.84731,30
2023-09-14,0.0115,405601.8,0.85124,33
2023-09-15,0.0007,404315.4,0.85939,45
2023-09-16,0.0083,402449.3,0.87140,46
2023-09-17,0.0346,400055.5,0.88713,27
2023-09-18,0.0792,397158.9,0.90669,44
2023-09-19,0.1413,393768.4,0.93031,44
2023-09-20,0.2192,389895.5,0.95831,35
2023-09-21,0.3108,385578.7,0.99086,37
2023-09-22,0.4129,380909.0,1.02775,53
2023-09-23,0.5218,376051.8,1.06809,29
2023-09-24,0.6326,371259.4,1.10999,31
2023-09-25,0.7395,366866.0,1.15034,35
2023-09-26,0.8357,363261.1,1.18493,33
2023-09-27,0.9145,360838.0,1.20896,33
2023-09-28,0.9698,359925.4,1.21818,41
2023-09-29,0.9971,360716.6,1.21018,39
2023-09-30,0.9950,363219.1,1.18534,40
2023-10-01,0.9649,367243.1,1.14680,33
2023-10-02,0.9105,372431.4,1.09954,64
2023-10-03,0.8373,378320.8,1.04899,69
2023-10-04,0.7507,384414.0,0.99989,53
2023-10-05,0.6560,390243.3,0.95575,62
2023-10-06,0.5579,395416.8,0.91872,58
2023-10-07,0.4599,399644.3,0.88988,73
2023-10-08,0.3653,402746.6,0.86947,63
2023-10-09,0.2767,404651.2,0.85725,45
2023-10-10,0.1965,405380.6,0.85263,24
2023-10-11,0.1270,405033.6,0.85482,55
2023-10-12,0.0706,403763.4,0.86292,40
2023-10-13,0.0294,401753.3,0.87593,40
2023-10-14,0.0055,399192.9,0.89290,45
2023-10-15,0.0006,396255.7,0.91290,36
2023-10-16,0.0159,393082.8,0.93519,45
2023-10-17,0.0516,389774.3,0.95920,26
2023-10-18,0.1073,386391.2,0.98462,35
2023-10-19,0.1815,382967.9,1.01126,36
2023-10-20,0.2716,379533.1,1.03897,41
2023-10-21,0.3742,376135.4,1.06738,42
2023-10-22,0.4848,372867.4,1.09569,28
2023-10-23,0.5981,369881.4,1.12244,42
2023-10-24,0.7080,367389.6,1.14543,46
2023-10-25,0.8081,365645.4,1.16190,33
2023-10-26,0.8918,364905.0,1.16899,36
2023-10-27,0.9539,365376.2,1.16447,41
2023-10-28,0.9903,367165.2,1.14753,51
2023-10-29,0.9996,370240.2,1.11918,43
2023-10-30,0.9826,374420.4,1.08211,41
2023-10-31,0.9421,379396.3,1.04009,46
2023-11-01,0.8822,384771.7,0.99710,31
2023-11-02,0.8073,390117.4,0.95667,37
2023-11-03,0.7221,395021.9,0.92148,43
2023-11-04,0.6303,399131.7,0.89331,30
2023-11-05,0.5355,402179.3,0.87315,25
2023-11-06,0.4407,403997.7,0.86142,35
2023-11-07,0.3485,404525.1,0.85805,51
2023-11-08,0.2614,403801.3,0.86267,86
2023-11-09,0.1823,401956.9,0.87460,48
2023-11-10,0.1138,399196.7,0.89287,96
2023-11-11,0.0590,395777.6,0.91621,49
2023-11-12,0.0208,391981.1,0.94309,68
2023-11-13,0.0020,388084.1,0.97179,36
2023-11-14,0.0048,384329.3,1.00055,54
2023-11-15,0.0304,380902.0,1.02780,27
2023-11-16,0.0789,377917.9,1.05234,24
2023-11-17,0.1486,375424.2,1.07345,38
2023-11-18,0.2366,373416.3,1.09086,31
2023-11-19,0.3387,371864.3,1.10458,31
2023-11-20,0.4498,370743.4,1.11463,37
2023-11-21,0.5639,370058.7,1.12083,29
2023-11-22,0.6749,369857.7,1.12265,36
2023-11-23,0.7768,370226.3,1.11930,42
2023-11-24,0.8639,371267.4,1.10991,100
2023-11-25,0.9316,373068.9,1.09391,64
2023-11-26,0.9766,375666.8,1.07138,63
2023-11-27,0.9976,379016.6,1.04322,67
2023-11-28,0.9945,382979.0,1.01117,55
2023-11-29,0.9692,387324.9,0.97752,42
2023-11-30,0.9244,391757.3,0.94471,43
2023-12-01,0.8634,395943.5,0.91506,39
2023-12-02,0.7898,399551.7,0.89049,220
2023-12-03,0.7067,402285.1,0.87247,221
2023-12-04,0.6173,403909.3,0.86198,129
2023-12-05,0.5242,404273.4,0.85966,115
2023-12-06,0.4301,403323.3,0.86575,78
2023-12-07,0.3376,401108.1,0.88017,58
2023-12-08,0.2496,397779.5,0.90245,79
2023-12-09,0.1694,393583.0,0.93163,95
2023-12-10,0.1005,388841.0,0.96613,79
2023-12-11,0.0470,383925.0,1.00372,72
2023-12-12,0.0128,379218.3,1.04156,54
2023-12-13,0.0014,375072.6,1.07648,58
2023-12-14,0.0152,371764.1,1.10547,55
2023-12-15,0.0547,369461.5,1.12627,37
2023-12-16,0.1184,368211.5,1.13778,56
2023-12-17,0.2029,367950.7,1.14020,42
2023-12-18,0.3031,368537.1,1.13477,45
2023-12-19,0.4131,369793.9,1.12324,36
2023-12-20,0.5265,371552.0,1.10737,37
2023-12-21,0.6373,373680.1,1.08855,43
2023-12-22,0.7398,376098.1,1.06769,46
2023-12-23,0.8293,378771.3,1.04525,44
2023-12-24,0.9021,381691.1,1.02144,60
2023-12-25,0.9553,384848.8,0.99651,34
2023-12-26,0.9875,388208.8,0.97085,37
2023-12-27,0.9983,391688.6,0.94521,30
2023-12-28,0.9884,395150.8,0.92058,44
2023-12-29,0.9594,398406.5,0.89820,45
2023-12-30,0.9134,401230.3,0.87936,49
2023-12-31,0.8529,403382.3,0.86537,41
2024-01-01,0.7804,404634.3,0.85736,92
2024-01-02,0.6983,404796.0,0.85633,40
2024-01-03,0.6092,403738.8,0.86308,59
2024-01-04,0.5153,401416.9,0.87814,49
2024-01-05,0.4194,397882.9,0.90175,42
2024-01-06,0.3243,393297.4,0.93366,37
2024-01-07,0.2336,387930.3,0.97295,40
2024-01-08,0.1513,382150.7,1.01776,41
2024-01-09,0.0825,376401.8,1.06511,37
2024-01-10,0.0322,371158.4,1.11089,27
2024-01-11,0.0054,366868.6,1.15032,34
2024-01-12,0.0055,363889.3,1.17881,42
2024-01-13,0.0340,362429.6,1.19311,32
2024-01-14,0.0896,362520.4,1.19221,34
2024-01-15,0.1685,364022.2,1.17752,36
2024-01-16,0.2648,366666.7,1.15222,33
2024-01-17,0.3719,370120.4,1.12027,31
2024-01-18,0.4833,374047.5,1.08535,40
2024-01-19,0.5929,378159.2,1.05033,42
2024-01-20,0.6956,382240.2,1.01705,36
2024-01-21,0.7874,386152.6,0.98645,29
2024-01-22,0.8650,389823.6,0.95884,84
2024-01-23,0.9260,393222.7,0.93419,87
2024-01-24,0.9689,396334.9,0.91235,70
2024-01-25,0.9928,399136.2,0.89328,53
2024-01-26,0.9977,401576.1,0.87709,37
2024-01-27,0.9841,403568.0,0.86417,45
2024-01-28,0.9531,404991.1,0.85509,42
2024-01-29,0.9061,405700.0,0.85062,43
2024-01-30,0.8449,405542.6,0.85161,36
2024-01-31,0.7715,404381.7,0.85897,39
2024-02-01,0.6877,402120.3,0.87354,20
2024-02-02,0.5959,398726.0,0.89604,29
2024-02-03,0.4984,394253.4,0.92688,42
2024-02-04,0.3983,388862.5,0.96597,36
2024-02-05,0.2992,382828.8,1.01236,41
2024-02-06,0.2056,376540.0,1.06394,39
2024-02-07,0.1230,370475.0,1.11705,41
2024-02-08,0.0577,365159.0,1.16655,44
2024-02-09,0.0156,361094.8,1.20639,45
2024-02-10,0.0014,358681.8,1.23090,43
2024-02-11,0.0174,358140.9,1.23648,37
2024-02-12,0.0628,359472.2,1.22280,57
2024-02-13,0.1335,362461.7,1.19279,32
2024-02-14,0.2235,366734.6,1.15158,51
2024-02-15,0.3258,371834.9,1.10484,47
2024-02-16,0.4336,377305.2,1.05748,37
2024-02-17,0.5412,382747.7,1.01301,42
2024-02-18,0.6439,387857.9,0.97349,33
2024-02-19,0.7378,392434.2,0.93983,46
2024-02-20,0.8202,396367.5,0.91213,46
2024-02-21,0.8887,399621.3,0.89003,34
2024-02-22,0.9417,402204.5,0.87299,35
2024-02-23,0.9779,404145.5,0.86047,44
2024-02-24,0.9965,405469.1,0.85207,43
2024-02-25,0.9973,406179.7,0.84761,32
2024-02-26,0.9804,406252.3,0.84715,34
2024-02-27,0.9465,405633.5,0.85104,40
2024-02-28,0.8965,404250.4,0.85980,32
2024-02-29,0.8318,402026.6,0.87415,45
2024-03-01,0.7539,398905.5,0.89483,39
2024-03-02,0.6649,394874.9,0.92251,43
2024-03-03,0.5672,389993.6,0.95759,48
2024-03-04,0.4638,384414.1,0.99989,37
2024-03-05,0.3585,378398.5,1.04834,34
2024-03-06,0.2562,372320.3,1.10053,36
2024-03-07,0.1628,366645.5,1.15242,33
2024-03-08,0.0852,361888.3,1.19847,42
2024-03-09,0.0300,358539.4,1.23237,25
2024-03-10,0.0027,356979.4,1.24859,27
2024-03-11,0.0062,357399.7,1.24419,27
2024-03-12,0.0399,359758.0,1.21988,43
2024-03-13,0.1003,363787.9,1.17979,46
2024-03-14,0.1813,369056.6,1.12998,36
2024-03-15,0.2763,375050.0,1.07667,35
2024-03-16,0.3788,381255.8,1.02495,26
2024-03-17,0.4833,387227.1,0.97826,40
2024-03-18,0.5851,392619.2,0.93850,32
2024-03-19,0.6809,397200.8,0.90640,34
2024-03-20,0.7677,400848.1,0.88188,28
2024-03-21,0.8433,403527.3,0.86443,25
2024-03-22,0.9057,405271.1,0.85332,42
2024-03-23,0.9533,406152.8,0.84778,39
2024-03-24,0.9848,406261.8,0.84710,32
2024-03-25,0.9991,405682.2,0.85073,34
2024-03-26,0.9955,404478.0,0.85835,30
2024-03-27,0.9738,402684.5,0.86987,45
2024-03-28,0.9343,400309.5,0.88545,26
2024-03-29,0.8777,397343.0,0.90543,45
2024-03-30,0.8054,393774.3,0.93027,56
2024-03-31,0.7192,389616.4,0.96037,37
2024-04-01,0.6216,384930.9,0.99587,29
2024-04-02,0.5160,379853.7,1.03634,37
2024-04-03,0.4064,374611.6,1.08045,150
2024-04-04,0.2981,369526.6,1.12567,66
2024-04-05,0.1975,364999.1,1.16809,49
2024-04-06,0.1114,361465.8,1.20268,52
2024-04-07,0.0467,359334.0,1.22421,55
2024-04-08,0.0088,358903.8,1.22862,44
2024-04-09,0.0009,360299.9,1.21439,48
2024-04-10,0.0227,363435.7,1.18323,53
2024-04-11,0.0711,368025.3,1.13951,42
2024-04-12,0.1411,373636.1,1.08894,38
2024-04-13,0.2266,379764.1,1.03707,51
2024-04-14,0.3217,385908.6,0.98832,33
2024-04-15,0.4212,391629.4,0.94564,33
2024-04-16,0.5210,396583.0,0.91064,36
2024-04-17,0.6176,400536.7,0.88394,53
2024-04-18,0.7081,403368.1,0.86546,46
2024-04-19,0.7901,405052.9,0.85470,42
2024-04-20,0.8614,405646.7,0.85095,36
2024-04-21,0.9199,405263.2,0.85337,48
2024-04-22,0.9636,404050.0,0.86108,116
2024-04-23,0.9907,402166.1,0.87324,49
2024-04-24,0.9998,399760.4,0.88910,53
2024-04-25,0.9897,396957.3,0.90807,36
2024-04-26,0.9599,393847.5,0.92975,74
2024-04-27,0.9107,390489.7,0.95394,52
2024-04-28,0.8433,386920.5,0.98058,48
2024-04-29,0.7594,383173.5,1.00963,42
2024-04-30,0.6619,379302.9,1.04086,37
2024-05-01,0.5546,375407.2,1.07360,38
2024-05-02,0.4422,371647.5,1.10651,44
2024-05-03,0.3304,368252.8,1.13740,34
2024-05-04,0.2256,365507.0,1.16322,37
2024-05-05,0.1348,363714.9,1.18050,52
2024-05-06,0.0640,363150.7,1.18601,48
2024-05-07,0.0185,363998.7,1.17774,40
2024-05-08,0.0008,366304.0,1.15565,37
2024-05-09,0.0112,369948.4,1.12183,30
2024-05-10,0.0472,374660.3,1.08003,46
2024-05-11,0.1047,380055.0,1.03469,31
2024-05-12,0.1789,385690.1,0.99000,37
2024-05-13,0.2648,391124.3,0.94930,31
2024-05-14,0.3578,395964.4,0.91492,47
2024-05-15,0.4539,399898.3,0.88818,37
2024-05-16,0.5500,402713.1,0.86969,29
2024-05-17,0.6430,404299.6,0.85949,32
2024-05-18,0.7306,404649.1,0.85726,42
2024-05-19,0.8100,403841.9,0.86241,38
2024-05-20,0.8788,402030.7,0.87412,40
2024-05-21,0.9344,399420.5,0.89137,45
2024-05-22,0.9742,396244.4,0.91298,39
2024-05-23,0.9956,392738.7,0.93765,42
2024-05-24,0.9968,389119.1,0.96406,36
2024-05-25,0.9764,385561.8,0.99099,44
2024-05-26,0.9341,382192.8,1.01743,32
2024-05-27,0.8708,379087.7,1.04263,46
2024-05-28,0.7887,376284.3,1.06611,36
2024-05-29,0.6912,373802.6,1.08748,35
2024-05-30,0.5827,371669.5,1.10632,31
2024-05-31,0.4688,369940.1,1.12190,52
2024-06-01,0.3554,368709.3,1.13318,55
2024-06-02,0.2491,368108.0,1.13874,40
2024-06-03,0.1561,368282.8,1.13712,41
2024-06-04,0.0820,369362.4,1.12718,38
2024-06-05,0.0308,371419.0,1.10856,44
2024-06-06,0.0048,374434.8,1.08199,41
2024-06-07,0.0045,378284.9,1.04928,45
2024-06-08,0.0282,382740.8,1.01306,37
2024-06-09,0.0729,387493.7,0.97624,41
2024-06-10,0.1349,392190.0,0.94159,48
2024-06-11,0.2102,396472.2,0.91141,41
2024-06-12,0.2952,400014.9,0.88740,37
2024-06-13,0.3862,402554.7,0.87071,33
2024-06-14,0.4804,403910.5,0.86198,39
2024-06-15,0.5748,403995.4,0.86143,26
2024-06-16,0.6668,402820.5,0.86899,39
2024-06-17,0.7536,400492.6,0.88423,33
2024-06-18,0.8322,397204.7,0.90637,39
2024-06-19,0.8994,393219.6,0.93421,29
2024-06-20,0.9517,388846.8,0.96608,29
2024-06-21,0.9856,384413.1,0.99990,32
2024-06-22,0.9981,380228.2,1.03328,39
2024-06-23,0.9870,376552.2,1.06384,27
2024-06-24,0.9514,373569.1,1.08953,32
2024-06-25,0.8920,371374.0,1.10896,30
2024-06-26,0.8116,369977.3,1.12157,41
2024-06-27,0.7142,369325.5,1.12751,36
2024-06-28,0.6054,369331.7,1.12746,30
2024-06-29,0.4911,369907.9,1.12220,34
2024-06-30,0.3778,370989.2,1.11241,33
2024-07-01,0.2716,372544.6,1.09854,34
2024-07-02,0.1780,374571.7,1.08080,42
2024-07-03,0.1015,377078.5,1.05939,38
2024-07-04,0.0457,380057.9,1.03467,40
2024-07-05,0.0123,383463.1,1.00735,43
2024-07-06,0.0019,387189.9,0.97854,35
2024-07-07,0.0137,391071.5,0.94969,29
2024-07-08,0.0456,394886.3,0.92243,38
2024-07-09,0.0952,398376.9,0.89840,26
2024-07-10,0.1595,401274.7,0.87907,47
2024-07-11,0.2356,403327.9,0.86572,36
2024-07-12,0.3205,404327.7,0.85931,44
2024-07-13,0.4115,404129.9,0.86057,29
2024-07-14,0.5060,402672.9,0.86995,36
2024-07-15,0.6014,399989.6,0.88757,32
2024-07-16,0.6945,396213.0,0.91320,32
2024-07-17,0.7822,391574.6,0.94603,20
2024-07-18,0.8606,386393.3,0.98460,27
2024-07-19,0.9252,381053.4,1.02658,43
2024-07-20,0.9717,375969.5,1.06879,32
2024-07-21,0.9957,371540.6,1.10747,32
2024-07-22,0.9941,368099.9,1.13881,45
2024-07-23,0.9653,365868.9,1.15977,35
2024-07-24,0.9102,364931.4,1.16874,32
2024-07-25,0.8321,365232.7,1.16585,39
2024-07-26,0.7359,366607.0,1.15278,33
2024-07-27,0.6279,368823.3,1.13213,35
2024-07-28,0.5148,371635.4,1.10662,36
2024-07-29,0.4027,374822.7,1.07863,36
2024-07-30,0.2973,378215.2,1.04986,36
2024-07-31,0.2035,381697.9,1.02139,34
2024-08-01,0.1250,385201.4,0.99377,35
2024-08-02,0.0645,388681.0,0.96732,52
2024-08-03,0.0239,392093.2,0.94228,57
2024-08-04,0.0037,395375.1,0.91901,31
2024-08-05,0.0040,398430.2,0.89804,35
2024-08-06,0.0235,401124.8,0.88006,20
2024-08-07,0.0609,403293.7,0.86594,45
2024-08-08,0.1140,404754.0,0.85660,37
2024-08-09,0.1808,405325.3,0.85298,43
2024-08-10,0.2588,404852.1,0.85597,34
2024-08-11,0.3458,403227.6,0.86636,17
2024-08-12,0.4394,400414.7,0.88475,31
2024-08-13,0.5369,396465.4,0.91145,28
2024-08-14,0.6353,391534.0,0.94633,42
2024-08-15,0.7310,385882.5,0.98852,37
2024-08-16,0.8196,379875.5,1.03616,40
2024-08-17,0.8960,373958.3,1.08613,38
2024-08-18,0.9547,368616.8,1.13403,41
2024-08-19,0.9903,364318.7,1.17464,32
2024-08-20,0.9985,361444.3,1.20289,36
2024-08-21,0.9774,360222.9,1.21517,49
2024-08-22,0.9280,360695.1,1.21040,43
2024-08-23,0.8538,362713.9,1.19030,47
2024-08-24,0.7607,365986.3,1.15866,31
2024-08-25,0.6555,370138.0,1.12011,30
2024-08-26,0.5448,374783.3,1.07897,35
2024-08-27,0.4349,379579.2,1.03859,30
2024-08-28,0.3307,384258.0,1.00111,28
2024-08-29,0.2365,388636.7,0.96765,22
2024-08-30,0.1554,392608.6,0.93858,30
2024-08-31,0.0899,396123.3,0.91382,31
2024-09-01,0.0416,399162.2,0.89310,32
2024-09-02,0.0117,401713.9,0.87619,25
2024-09-03,0.0005,403754.1,0.86298,34
2024-09-04,0.0079,405233.3,0.85356,27
2024-09-05,0.0331,406073.4,0.84827,31
2024-09-06,0.0751,406172.4,0.84765,36
2024-09-07,0.1323,405418.3,0.85239,34
2024-09-08,0.2030,403707.5,0.86328,33
2024-09-09,0.2853,400968.5,0.88109,31
2024-09-10,0.3770,397186.0,0.90650,37
2024-09-11,0.4755,392424.8,0.93990,42
2024-09-12,0.5778,386849.0,0.98113,28
2024-09-13,0.6801,380734.2,1.02916,48
2024-09-14,0.7775,374466.0,1.08172,34
2024-09-15,0.8643,368519.0,1.13493,49
2024-09-16,0.9343,363412.6,1.18345,36
2024-09-17,0.9811,359641.2,1.22107,35
2024-09-18,0.9997,357592.3,1.24218,37
2024-09-19,0.9878,357470.3,1.24346,32
2024-09-20,0.9463,359255.3,1.22501,37
2024-09-21,0.8789,362711.1,1.19033,33
2024-09-22,0.7917,367439.6,1.14497,48
2024-09-23,0.6917,372962.0,1.09485,39
2024-09-24,0.5854,378799.2,1.04502,31
2024-09-25,0.4785,384532.8,0.99896,31
2024-09-26,0.3757,389840.5,0.95871,26
2024-09-27,0.2807,394505.7,0.92510,49
2024-09-28,0.1964,398410.2,0.89817,38
2024-09-29,0.1251,401514.6,0.87750,25
2024-09-30,0.0686,403833.6,0.86247,23
2024-10-01,0.0284,405409.7,0.85245,47
2024-10-02,0.0055,406289.6,0.84692,37
2024-10-03,0.0004,406505.9,0.84557,29
2024-10-04,0.0134,406065.5,0.84832,33
2024-10-05,0.0439,404947.5,0.85537,55
2024-10-06,0.0913,403109.0,0.86713,52
2024-10-07,0.1543,400500.0,0.88418,34
2024-10-08,0.2314,397084.1,0.90720,38
2024-10-09,0.3205,392863.8,0.93675,21
2024-10-10,0.4190,387906.9,0.97312,26
2024-10-11,0.5238,382370.0,1.01601,35
2024-10-12,0.6309,376513.9,1.06416,41
2024-10-13,0.7351,370705.7,1.11497,28
2024-10-14,0.8304,365398.7,1.16426,34
2024-10-15,0.9099,361086.6,1.20647,29
2024-10-16,0.9670,358231.7,1.23554,50
2024-10-17,0.9964,357180.6,1.24648,52
2024-10-18,0.9954,358088.4,1.23703,25
2024-10-19,0.9646,360881.4,1.20853,30
2024-10-20,0.9074,365269.5,1.16549,36
2024-10-21,0.8297,370805.9,1.11406,44
2024-10-22,0.7379,376970.2,1.06030,32
2024-10-23,0.6380,383248.5,1.00904,28
2024-10-24,0.5355,389194.7,0.96349,39
2024-10-25,0.4347,394465.1,0.92539,37
2024-10-26,0.3389,398830.6,0.89533,29
2024-10-27,0.2510,402172.4,0.87320,40
2024-10-28,0.1733,404465.6,0.85843,29
2024-10-29,0.1079,405757.2,0.85026,42
2024-10-30,0.0567,406141.2,0.84785,24
2024-10-31,0.0213,405733.5,0.85041,32
2024-11-01,0.0030,404648.7,0.85727,45
2024-11-02,0.0028,402983.1,0.86794,36
2024-11-03,0.0213,400802.7,0.88218,41
2024-11-04,0.0582,398141.6,0.89999,27
2024-11-05,0.1130,395009.3,0.92157,27
2024-11-06,0.1844,391407.0,0.94725,31
2024-11-07,0.2703,387350.2,0.97732,46
2024-11-08,0.3680,382896.2,1.01183,38
2024-11-09,0.4742,378168.6,1.05025,46
2024-11-10,0.5845,373375.9,1.09122,43
2024-11-11,0.6934,368815.2,1.13220,36
2024-11-12,0.7947,364856.0,1.16946,26
2024-11-13,0.8816,361899.0,1.19836,38
2024-11-14,0.9476,360313.0,1.21426,29
2024-11-15,0.9876,360361.8,1.21376,44
2024-11-16,0.9987,362141.0,1.19596,39
2024-11-17,0.9810,365547.0,1.16284,33
2024-11-18,0.9374,370289.1,1.11874,29
2024-11-19,0.8726,375939.6,1.06904,30
2024-11-20,0.7921,382003.9,1.01894,33
2024-11-21,0.7013,387990.9,0.97249,33
2024-11-22,0.6050,393467.7,0.93244,31
2024-11-23,0.5073,398095.3,0.90030,38
2024-11-24,0.4114,401644.7,0.87665,29
2024-11-25,0.3202,403998.7,0.86141,29
2024-11-26,0.2360,405142.9,0.85413,39
2024-11-27,0.1613,405150.4,0.85409,36
2024-11-28,0.0983,404160.2,0.86038,32
2024-11-29,0.0494,402354.0,0.87202,23
2024-11-30,0.0167,399931.0,0.88796,45
2024-12-01,0.0022,397083.4,0.90720,20
2024-12-02,0.0073,393975.8,0.92884,26
2024-12-03,0.0328,390732.1,0.95217,34
2024-12-04,0.0786,387431.1,0.97671,34
2024-12-05,0.1437,384114.2,1.00223,50
2024-12-06,0.2261,380802.9,1.02861,33
2024-12-07,0.3227,377523.8,1.05564,42
2024-12-08,0.4294,374334.8,1.08285,46
2024-12-09,0.5415,371346.9,1.10920,63
2024-12-10,0.6532,368733.7,1.13295,27
2024-12-11,0.7582,366722.8,1.15169,31
2024-12-12,0.8503,365567.5,1.16265,36
2024-12-13,0.9234,365501.1,1.16328,41
2024-12-14,0.9730,366683.6,1.15206,35
2024-12-15,0.9963,369155.3,1.12908,42
2024-12-16,0.9930,372811.4,1.09618,31
2024-12-17,0.9649,377406.5,1.05663,82
2024-12-18,0.9154,382586.0,1.01429,45
2024-12-19,0.8488,387934.9,0.97291,45
2024-12-20,0.7696,393030.1,0.93556,42
2024-12-21,0.6818,397486.7,0.90445,28
2024-12-22,0.5891,400992.5,0.88093,36
2024-12-23,0.4947,403329.3,0.86571,36
2024-12-24,0.4012,404383.2,0.85896,34
2024-12-25,0.3114,404145.4,0.86047,31
2024-12-26,0.2276,402705.5,0.86974,23
2024-12-27,0.1528,400238.5,0.88592,58
2024-12-28,0.0898,396985.6,0.90787,46
2024-12-29,0.0417,393228.7,0.93415,45
2024-12-30,0.0116,389261.7,0.96300,62
2024-12-31,0.0019,385358.3,0.99256,44
2025-01-01,0.0147,381744.4,1.02101,60
2025-01-02,0.0505,378576.8,1.04686,53
2025-01-03,0.1088,375936.9,1.06907,50
2025-01-04,0.1872,373838.6,1.08717,61
2025-01-05,0.2821,372251.3,1.10114,39
2025-01-06,0.3887,371130.1,1.11115,57
2025-01-07,0.5016,370445.9,1.11732,89
2025-01-08,0.6145,370207.1,1.11948,66
2025-01-09,0.7216,370465.2,1.11714,42
2025-01-10,0.8169,371304.4,1.10958,53
2025-01-11,0.8954,372815.2,1.09615,27
2025-01-12,0.9532,375059.8,1.07659,41
2025-01-13,0.9877,378038.5,1.05134,59
2025-01-14,0.9984,381666.9,1.02164,41
2025-01-15,0.9860,385769.8,0.98939,33
2025-01-16,0.9526,390092.2,0.95686,37
2025-01-17,0.9013,394326.0,0.92637,46
2025-01-18,0.8353,398143.5,0.89998,48
2025-01-19,0.7580,401232.2,0.87935,34
2025-01-20,0.6724,403326.1,0.86573,40
2025-01-21,0.5814,404230.5,0.85993,49
2025-01-22,0.4877,403839.9,0.86243,45
2025-01-23,0.3938,402149.2,0.87335,45
2025-01-24,0.3025,399257.3,0.89247,40
2025-01-25,0.2167,395363.8,0.91909,35
2025-01-26,0.1401,390757.4,0.95198,35
2025-01-27,0.0766,385794.2,0.98920,48
2025-01-28,0.0301,380864.6,1.02811,44
2025-01-29,0.0048,376351.6,1.06554,27
2025-01-30,0.0038,372584.8,1.09818,32
2025-01-31,0.0287,369798.2,1.12320,37
2025-02-01,0.0792,368104.0,1.13878,42
2025-02-02,0.1528,367490.0,1.14449,54
2025-02-03,0.2452,367841.0,1.14122,72
2025-02-04,0.3508,368979.7,1.13069,83
2025-02-05,0.4632,370712.6,1.11491,90
2025-02-06,0.5762,372869.9,1.09567,73
2025-02-07,0.6839,375329.2,1.07427,61
2025-02-08,0.7811,378021.0,1.05148,58
2025-02-09,0.8636,380916.4,1.02769,56
2025-02-10,0.9281,384005.0,1.00309,61
2025-02-11,0.9725,387267.3,0.97795,62
2025-02-12,0.9956,390650.6,0.95276,67
2025-02-13,0.9977,394053.7,0.92829,27
2025-02-14,0.9798,397323.1,0.90556,44
2025-02-15,0.9437,400261.0,0.88577,36
2025-02-16,0.8915,402642.6,0.87014,43
2025-02-17,0.8256,404239.4,0.85987,43
2025-02-18,0.7487,404845.5,0.85602,39
2025-02-19,0.6631,404302.7,0.85947,35
2025-02-20,0.5711,402523.0,0.87092,51
2025-02-21,0.4754,399508.1,0.89079,35
2025-02-22,0.3786,395362.6,0.91910,35
2025-02-23,0.2840,390300.7,0.95533,36
2025-02-24,0.1956,384642.9,0.99811,30
2025-02-25,0.1178,378799.6,1.04501,37
2025-02-26,0.0560,373237.2,1.09243,47
2025-02-27,0.0153,368427.4,1.13578,41
2025-02-28,0.0002,364783.7,1.17016,36
2025-03-01,0.0134,362597.0,1.19145,45
2025-03-02,0.0551,361989.9,1.19746,39
2025-03-03,0.1226,362903.5,1.18844,42
2025-03-04,0.2110,365123.1,1.16690,43
2025-03-05,0.3137,368333.7,1.13665,37
2025-03-06,0.4242,372186.2,1.10172,25
2025-03-07,0.5358,376355.9,1.06550,29
2025-03-08,0.6431,380580.6,1.03041,40
2025-03-09,0.7414,384677.0,0.99784,49
2025-03-10,0.8270,388535.5,0.96841,42
2025-03-11,0.8972,392102.9,0.94221,32
2025-03-12,0.9500,395356.7,0.91914,29
2025-03-13,0.9841,398279.5,0.89906,25
2025-03-14,0.9992,400838.1,0.88195,40
2025-03-15,0.9953,402968.8,0.86803,37
2025-03-16,0.9733,404573.9,0.85774,39
2025-03-17,0.9344,405526.5,0.85171,46
2025-03-18,0.8802,405684.0,0.85072,34
2025-03-19,0.8125,404907.4,0.85562,42
2025-03-20,0.7333,403084.9,0.86728,50
2025-03-21,0.6446,400155.9,0.88647,37
2025-03-22,0.5489,396135.2,0.91373,26
2025-03-23,0.4488,391133.4,0.94924,26
2025-03-24,0.3478,385370.7,0.99246,35
2025-03-25,0.2500,379181.7,1.04186,41
2025-03-26,0.1606,373002.3,1.09450,34
2025-03-27,0.0857,367337.4,1.14592,31
2025-03-28,0.0313,362702.7,1.19041,56
2025-03-29,0.0032,359548.8,1.22202,32
2025-03-30,0.0048,358181.6,1.23606,50
2025-03-31,0.0367,358702.6,1.23068,45
2025-04-01,0.0963,360992.7,1.20741,44
2025-04-02,0.1783,364745.3,1.17053,41
2025-04-03,0.2760,369535.4,1.12559,35
2025-04-04,0.3824,374901.0,1.07795,90
2025-04-05,0.4912,380413.5,1.03177,120
2025-04-06,0.5970,385723.4,0.98974,52
2025-04-07,0.6957,390580.3,0.95328,39
2025-04-08,0.7840,394831.4,0.92282,49
2025-04-09,0.8594,398405.3,0.89820,41
2025-04-10,0.9198,401288.6,0.87898,41
2025-04-11,0.9639,403499.5,0.86461,34
2025-04-12,0.9907,405063.9,0.85463,31
2025-04-13,0.9996,405996.1,0.84876,53
2025-04-14,0.9906,406286.2,0.84694,36
2025-04-15,0.9642,405897.0,0.84938,40
2025-04-16,0.9210,404768.8,0.85650,45
2025-04-17,0.8624,402832.3,0.86891,41
2025-04-18,0.7897,400028.0,0.88732,55
2025-04-19,0.7049,396329.9,0.91239,39
2025-04-20,0.6101,391770.8,0.94461,32
2025-04-21,0.5082,386466.5,0.98404,32
2025-04-22,0.4027,380634.0,1.02998,41
2025-04-23,0.2981,374599.6,1.08056,35
2025-04-24,0.2001,368789.1,1.13244,20
2025-04-25,0.1150,363694.0,1.18071,33
2025-04-26,0.0499,359811.9,1.21934,40
2025-04-27,0.0107,357566.2,1.24246,38
2025-04-28,0.0015,357222.7,1.24604,33
2025-04-29,0.0232,358831.3,1.22936,47
2025-04-30,0.0733,362213.8,1.19524,40
2025-05-01,0.1466,367002.4,1.14906,36
2025-05-02,0.2367,372715.4,1.09703,85
2025-05-03,0.3369,378840.7,1.04467,59
2025-05-04,0.4412,384907.7,0.99605,66
2025-05-05,0.5446,390532.4,0.95363,41
2025-05-06,0.6432,395439.5,0.91857,28
2025-05-07,0.7339,399462.0,0.89109,41
2025-05-08,0.8141,402528.6,0.87088,34
2025-05-09,0.8819,404642.7,0.85730,37
2025-05-10,0.9355,405858.3,0.84962,41
2025-05-11,0.9734,406255.6,0.84713,45
2025-05-12,0.9944,405918.6,0.84925,43
2025-05-13,0.9978,404918.6,0.85555,36
2025-05-14,0.9830,403303.1,0.86588,26
2025-05-15,0.9502,401093.5,0.88026,28
2025-05-16,0.8999,398291.2,0.89898,30
2025-05-17,0.8333,394891.4,0.92240,32
2025-05-18,0.7520,390904.2,0.95091,39
2025-05-19,0.6583,386378.6,0.98472,43
2025-05-20,0.5551,381427.2,1.02356,30
2025-05-21,0.4464,376246.0,1.06644,31
2025-05-22,0.3370,371122.8,1.11121,42
2025-05-23,0.2330,366428.1,1.15447,36
2025-05-24,0.1411,362582.8,1.19159,25
2025-05-25,0.0683,360000.9,1.21742,22
2025-05-26,0.0206,359016.8,1.22746,38
2025-05-27,0.0019,359812.9,1.21933,46
2025-05-28,0.0133,362373.6,1.19366,44
2025-05-29,0.0527,366479.7,1.15399,38
2025-05-30,0.1154,371748.8,1.10561,40
2025-05-31,0.1958,377702.0,1.05415,46
2025-06-01,0.2879,383839.4,1.00439,32
2025-06-02,0.3861,389702.8,0.95973,33
2025-06-03,0.4861,394917.7,0.92221,30
2025-06-04,0.5839,399214.6,0.89275,26
2025-06-05,0.6767,402433.3,0.87150,28
2025-06-06,0.7617,404514.4,0.85812,40
2025-06-07,0.8369,405484.1,0.85198,39
2025-06-08,0.8999,405433.2,0.85230,47
2025-06-09,0.9488,404495.2,0.85824,28
2025-06-10,0.9818,402823.1,0.86897,41
2025-06-11,0.9971,400568.4,0.88373,20
2025-06-12,0.9937,397864.3,0.90187,36
2025-06-13,0.9706,394814.9,0.92293,43
2025-06-14,0.9281,391493.0,0.94663,28
2025-06-15,0.8667,387946.9,0.97282,31
2025-06-16,0.7881,384215.7,1.00144,37
2025-06-17,0.6949,380351.0,1.03228,53
2025-06-18,0.5905,376440.1,1.06479,27
2025-06-19,0.4792,372625.9,1.09782,55
2025-06-20,0.3667,369116.3,1.12943,38
2025-06-21,0.2590,366177.4,1.15685,41
2025-06-22,0.1631,364106.4,1.17670,53
2025-06-23,0.0853,363185.7,1.18567,48
2025-06-24,0.0314,363626.3,1.18137,67
2025-06-25,0.0046,365514.5,1.16315,41
2025-06-26,0.0061,368780.6,1.13252,31
2025-06-27,0.0341,373198.0,1.09278,31
2025-06-28,0.0851,378414.3,1.04821,50
2025-06-29,0.1543,384003.3,1.00310,45
2025-06-30,0.2367,389522.6,0.96106,37
2025-07-01,0.3276,394563.8,0.92469,46
2025-07-02,0.4230,398790.3,0.89560,66
2025-07-03,0.5193,401958.5,0.87459,45
2025-07-04,0.6135,403927.2,0.86187,53
2025-07-05,0.7031,404656.4,0.85722,27
2025-07-06,0.7853,404198.1,0.86014,36
2025-07-07,0.8578,402682.4,0.86989,48
2025-07-08,0.9179,400298.1,0.88552,43
2025-07-09,0.9630,397270.3,0.90592,31
2025-07-10,0.9905,393835.7,0.92983,44
2025-07-11,0.9983,390218.4,0.95593,43
2025-07-12,0.9849,386609.2,0.98295,37
2025-07-13,0.9495,383152.1,1.00980,43
2025-07-14,0.8926,379940.1,1.03563,44
2025-07-15,0.8161,377023.6,1.05985,41
2025-07-16,0.7229,374428.2,1.08204,50
2025-07-17,0.6172,372178.1,1.10179,45
2025-07-18,0.5042,370319.2,1.11846,57
2025-07-19,0.3899,368933.8,1.13111,39
2025-07-20,0.2806,368142.3,1.13842,198
2025-07-21,0.1827,368087.8,1.13893,145
2025-07-22,0.1021,368906.4,1.13136,111
2025-07-23,0.0435,370689.3,1.11512,55
2025-07-24,0.0096,373447.0,1.09059,58
2025-07-25,0.0015,377086.2,1.05932,55
2025-07-26,0.0180,381407.4,1.02372,41
2025-07-27,0.0567,386122.0,0.98668,45
2025-07-28,0.1138,390885.6,0.95105,58
2025-07-29,0.1855,395337.5,0.91928,121
2025-07-30,0.2680,399138.6,0.89326,645
2025-07-31,0.3576,402004.1,0.87430,315
2025-08-01,0.4512,403726.0,0.86316,234
2025-08-02,0.5460,404187.8,0.86020,144
2025-08-03,0.6392,403371.2,0.86544,125
2025-08-04,0.7280,401355.3,0.87854,107
2025-08-05,0.8097,398309.5,0.89885,108
2025-08-06,0.8810,394479.4,0.92529,90
2025-08-07,0.9384,390165.7,0.95632,77
2025-08-08,0.9785,385695.9,0.98995,73
2025-08-09,0.9980,381391.2,1.02385,81
2025-08-10,0.9943,377531.9,1.05558,86
2025-08-11,0.9661,374327.9,1.08291,83
2025-08-12,0.9136,371901.0,1.10425,74
2025-08-13,0.8390,370283.5,1.11879,64
2025-08-14,0.7460,369435.4,1.12651,55
2025-08-15,0.6398,369272.6,1.12800,53
2025-08-16,0.5262,369701.4,1.12408,56
2025-08-17,0.4116,370645.9,1.11551,46
2025-08-18,0.3023,372064.2,1.10280,54
2025-08-19,0.2040,373947.7,1.08622,51
2025-08-20,0.1216,376306.2,1.06592,47
2025-08-21,0.0590,379143.2,1.04217,49
2025-08-22,0.0185,382429.3,1.01554,67
2025-08-23,0.0010,386081.4,0.98699,55
2025-08-24,0.0061,389952.4,0.95789,56
2025-08-25,0.0321,393835.3,0.92984,32
2025-08-26,0.0767,397478.8,0.90450,41
2025-08-27,0.1369,400611.6,0.88345,46
2025-08-28,0.2098,402970.2,0.86802,41
2025-08-29,0.2924,404325.6,0.85932,39
2025-08-30,0.3819,404508.5,0.85816,32
2025-08-31,0.4758,403427.8,0.86507,57
2025-09-01,0.5714,401085.2,0.88032,47
2025-09-02,0.6658,397583.2,0.90379,62
2025-09-03,0.7559,393126.1,0.93488,51
2025-09-04,0.8379,388012.4,0.97233,51
2025-09-05,0.9077,382615.6,1.01406,47
2025-09-06,0.9607,377353.1,1.05708,36
2025-09-07,0.9924,372641.8,1.09768,48
2025-09-08,0.9992,368846.5,1.13191,42
2025-09-09,0.9790,366230.8,1.15634,51
2025-09-10,0.9318,364921.4,1.16883,30
2025-09-11,0.8603,364900.0,1.16904,54
2025-09-12,0.7689,366023.0,1.15831,54
2025-09-13,0.6637,368065.3,1.13914,55
2025-09-14,0.5513,370771.8,1.11437,38
2025-09-15,0.4380,373904.7,1.08659,43
2025-09-16,0.3299,377274.0,1.05774,28
2025-09-17,0.2318,380748.6,1.02905,38
2025-09-18,0.1478,384250.1,1.00117,105
2025-09-19,0.0812,387733.8,0.97443,154
2025-09-20,0.0338,391164.1,0.94902,70
2025-09-21,0.0069,394491.5,0.92520,57
2025-09-22,0.0004,397635.0,0.90343,70
2025-09-23,0.0136,400474.2,0.88435,47
2025-09-24,0.0452,402852.1,0.86879,43
2025-09-25,0.0932,404586.5,0.85766,62
2025-09-26,0.1555,405489.3,0.85195,46
2025-09-27,0.2299,405388.8,0.85258,42
2025-09-28,0.3140,404154.0,0.86042,39
2025-09-29,0.4054,401717.6,0.87617,33
2025-09-30,0.5017,398096.7,0.90029,57
2025-10-01,0.6001,393409.0,0.93286,47
2025-10-02,0.6972,387882.2,0.97331,46
2025-10-03,0.7890,381852.7,1.02015,79
2025-10-04,0.8705,375750.7,1.07066,58
2025-10-05,0.9363,370065.2,1.12077,62
2025-10-06,0.9809,365290.3,1.16529,44
2025-10-07,0.9993,361855.4,1.19880,45
2025-10-08,0.9888,360054.6,1.21687,39
2025-10-09,0.9491,359995.9,1.21747,28
2025-10-10,0.8831,361588.1,1.20146,124
2025-10-11,0.7961,364570.3,1.17221,75
2025-10-12,0.6945,368574.4,1.13442,45
2025-10-13,0.5853,373198.2,1.09278,33
2025-10-14,0.4748,378068.4,1.05109,63
2025-10-15,0.3684,382882.7,1.01194,49
2025-10-16,0.2705,387426.3,0.97675,50
2025-10-17,0.1846,391569.2,0.94607,47
2025-10-18,0.1133,395248.3,0.91990,43
2025-10-19,0.0585,398442.6,0.89795,48
2025-10-20,0.0216,401147.5,0.87991,36
2025-10-21,0.0031,403351.4,0.86556,49
2025-10-22,0.0032,405020.0,0.85491,24
2025-10-23,0.0213,406088.1,0.84818,27
2025-10-24,0.0565,406462.1,0.84584,55
2025-10-25,0.1075,406030.0,0.84855,39
2025-10-26,0.1725,404679.1,0.85707,43
2025-10-27,0.2499,402318.4,0.87225,46
2025-10-28,0.3375,398903.2,0.89484,45
2025-10-29,0.4331,394460.6,0.92542,41
2025-10-30,0.5338,389111.9,0.96411,32
2025-10-31,0.6362,383088.4,1.01031,47
2025-11-01,0.7361,376737.3,1.06227,41
2025-11-02,0.8280,370509.5,1.11674,38
2025-11-03,0.9058,364924.4,1.16880,83
2025-11-04,0.9631,360508.7,1.21228,72
2025-11-05,0.9942,357714.2,1.24091,43
2025-11-06,0.9954,356833.4,1.25013,31
2025-11-07,0.9662,357939.3,1.23857,49
2025-11-08,0.9093,360871.1,1.20863,59
2025-11-09,0.8302,365274.4,1.16545,89
2025-11-10,0.7354,370677.3,1.11522,47
2025-11-11,0.6318,376577.1,1.06362,36
2025-11-12,0.5254,382513.2,1.01487,46
2025-11-13,0.4212,388113.2,0.97157,49
2025-11-14,0.3233,393113.1,0.93497,40
2025-11-15,0.2346,397355.6,0.90534,34
2025-11-16,0.1578,400774.5,0.88237,36
2025-11-17,0.0948,403370.5,0.86544,23
2025-11-18,0.0471,405184.8,0.85387,31
2025-11-19,0.0161,406273.1,0.84702,41
2025-11-20,0.0024,406684.2,0.84446,45
2025-11-21,0.0065,406444.1,0.84596,35
2025-11-22,0.0283,405549.6,0.85157,43
2025-11-23,0.0672,403969.8,0.86160,49
2025-11-24,0.1223,401656.9,0.87657,36
2025-11-25,0.1923,398564.7,0.89713,38
2025-11-26,0.2752,394672.8,0.92393,48
2025-11-27,0.3690,390012.9,0.95744,40
2025-11-28,0.4707,384695.8,0.99770,36
2025-11-29,0.5768,378931.4,1.04392,38
2025-11-30,0.6829,373038.6,1.09418,25
2025-12-01,0.7832,367436.9,1.14499,42
2025-12-02,0.8712,362612.4,1.19130,50
2025-12-03,0.9401,359056.9,1.22704,33
2025-12-04,0.9838,357185.4,1.24643,32
2025-12-05,0.9981,357250.9,1.24575,32
2025-12-06,0.9820,359285.6,1.22470,61
2025-12-07,0.9378,363089.0,1.18662,69
2025-12-08,0.8703,368268.9,1.13725,58
2025-12-09,0.7856,374318.4,1.08300,59
2025-12-10,0.6901,380701.7,1.02943,35
2025-12-11,0.5894,386926.7,0.98054,33
2025-12-12,0.4882,392592.6,0.93869,50
2025-12-13,0.3903,397412.4,0.90495,37
2025-12-14,0.2987,401215.5,0.87946,37
2025-12-15,0.2158,403936.2,0.86181,37
2025-12-16,0.1439,405594.5,0.85128,41
2025-12-17,0.0849,406271.8,0.84703,39
2025-12-18,0.0405,406085.1,0.84820,42
2025-12-19,0.0124,405163.0,0.85401,40
2025-12-20,0.0018,403623.6,0.86381,36
2025-12-21,0.0096,401559.4,0.87720,55
2025-12-22,0.0360,399029.2,0.89400,36
2025-12-23,0.0807,396060.3,0.91425,31
2025-12-24,0.1430,392659.1,0.93822,47
2025-12-25,0.2210,388831.8,0.96620,34
2025-12-26,0.3127,384609.1,0.99837,48
2025-12-27,0.4148,380073.8,1.03454,44
2025-12-28,0.5235,375384.1,1.07380,25
2025-12-29,0.6339,370785.5,1.11425,31
2025-12-30,0.7402,366606.6,1.15279,30
2025-12-31,0.8358,363231.1,1.18523,33
2026-01-01,0.9140,361045.1,1.20688,45
2026-01-02,0.9687,360367.7,1.21370,35
2026-01-03,0.9959,361380.4,1.20353,35
2026-01-04,0.9940,364078.2,1.17697,35
2026-01-05,0.9647,368259.1,1.13734,29
2026-01-06,0.9116,373556.2,1.08964,45
2026-01-07,0.8399,379499.8,1.03924,40
2026-01-08,0.7550,385588.8,0.99078,30
2026-01-09,0.6620,391354.8,0.94763,41
2026-01-10,0.5653,396406.7,0.91186,38
2026-01-11,0.4685,400457.5,0.88447,32
2026-01-12,0.3745,403332.8,0.86568,48
2026-01-13,0.2860,404967.8,0.85524,54
2026-01-14,0.2053,405395.4,0.85254,33
2026-01-15,0.1348,404728.2,0.85676,36
2026-01-16,0.0769,403136.6,0.86695,43
2026-01-17,0.0339,400823.8,0.88204,27
2026-01-18,0.0080,398000.7,0.90095,35
2026-01-19,0.0011,394861.4,0.92261,45
2026-01-20,0.0145,391565.0,0.94610,55
2026-01-21,0.0486,388224.3,0.97074,57
2026-01-22,0.1031,384906.0,0.99606,33
2026-01-23,0.1764,381642.2,1.02184,31
2026-01-24,0.2660,378451.8,1.04790,26
2026-01-25,0.3683,375367.0,1.07394,25
2026-01-26,0.4787,372459.0,1.09930,58
2026-01-27,0.5919,369854.9,1.12268,54
2026-01-28,0.7019,367740.7,1.14215,75
2026-01-29,0.8022,366344.1,1.15527,29
2026-01-30,0.8866,365898.6,1.15949,34
2026-01-31,0.9497,366594.3,1.15290,44
2026-02-01,0.9879,368528.3,1.13485,32
2026-02-02,0.9996,371667.5,1.10633,27
2026-02-03,0.9853,375838.0,1.06991,30
2026-02-04,0.9478,380741.9,1.02910,31
2026-02-05,0.8908,385996.9,0.98764,37
2026-02-06,0.8186,391186.0,0.94886,43
2026-02-07,0.7355,395906.9,0.91532,25
2026-02-08,0.6454,399812.0,0.88876,37
2026-02-09,0.5516,402636.1,0.87019,35
2026-02-10,0.4570,404212.7,0.86004,51
2026-02-11,0.3643,404480.4,0.85834,50
2026-02-12,0.2761,403480.8,0.86473,33
2026-02-13,0.1950,401349.4,0.87858,49
2026-02-14,0.1241,398300.2,0.89891,44
2026-02-15,0.0663,394604.4,0.92441,46
2026-02-16,0.0249,390562.4,0.95341,35
2026-02-17,0.0030,386473.0,0.98399,50
2026-02-18,0.0029,382601.1,1.01417,31
2026-02-19,0.0261,379151.4,1.04211,36
2026-02-20,0.0727,376251.9,1.06639,42
2026-02-21,0.1412,373952.7,1.08618,41
2026-02-22,0.2287,372241.7,1.10122,33
2026-02-23,0.3307,371071.2,1.11168,48
2026-02-24,0.4419,370390.2,1.11782,26
2026-02-25,0.5563,370172.0,1.11980,36
2026-02-26,0.6677,370429.7,1.11746,40
2026-02-27,0.7702,371215.1,1.11038,52
2026-02-28,0.8581,372601.3,1.09804,39
2026-03-01,0.9271,374653.1,1.08010,38
2026-03-02,0.9740,377393.8,1.05673,48
2026-03-03,0.9973,380776.9,1.02882,33
2026-03-04,0.9969,384672.0,0.99788,40
2026-03-05,0.9745,388866.6,0.96594,36
2026-03-06,0.9325,393084.6,0.93517,60
2026-03-07,0.8741,397015.1,0.90767,43
2026-03-08,0.8025,400345.4,0.88521,48
2026-03-09,0.7209,402793.2,0.86917,47
2026-03-10,0.6323,404134.5,0.86054,33
2026-03-11,0.5393,404224.3,0.85997,55
2026-03-12,0.4447,403011.3,0.86776,38
2026-03-13,0.3510,400546.0,0.88388,36
2026-03-14,0.2612,396981.5,0.90790,39
2026-03-15,0.1787,392566.9,0.93888,39
2026-03-16,0.1072,387630.9,0.97520,36
2026-03-17,0.0509,382554.9,1.01454,52
2026-03-18,0.0140,377735.3,1.05387,57
2026-03-19,0.0003,373538.2,1.08980,43
2026-03-20,0.0122,370253.6,1.11906,53
2026-03-21,0.0506,368058.7,1.13920,49
2026-03-22,0.1139,367002.7,1.14906,55
2026-03-23,0.1984,367015.8,1.14894,52
2026-03-24,0.2991,367942.2,1.14028,49
2026-03-25,0.4096,369584.5,1.12515,44
2026-03-26,0.5235,371749.0,1.10561,49
2026-03-27,0.6347,374277.5,1.08335,33
2026-03-28,0.7375,377062.6,1.05952,46
2026-03-29,0.8274,380044.3,1.03478,28
2026-03-30,0.9005,383192.8,1.00948,49
2026-03-31,0.9544,386484.1,0.98391,38
2026-04-01,0.9874,389875.3,0.95846,56
2026-04-02,0.9993,393285.2,0.93374,164
2026-04-03,0.9907,396585.6,0.91062,87
2026-04-04,0.9630,399603.4,0.89015,71
2026-04-05,0.9183,402133.0,0.87346,47
2026-04-06,0.8587,403956.3,0.86168,38
2026-04-07,0.7868,404866.1,0.85589,46
2026-04-08,0.7049,404691.1,0.85700,45
2026-04-09,0.6154,403319.1,0.86577,40
2026-04-10,0.5209,400717.4,0.88275,48
2026-04-11,0.4239,396948.9,0.90813,35
2026-04-12,0.3275,392181.9,0.94165,38
2026-04-13,0.2354,386692.1,0.98232,45
2026-04-14,0.1519,380852.3,1.02821,37
2026-04-15,0.0820,375107.0,1.07618,33
2026-04-16,0.0312,369929.5,1.12200,40
2026-04-17,0.0044,365763.3,1.16078,36
2026-04-18,0.0051,362957.1,1.18791,65
2026-04-19,0.0347,361708.9,1.20025,59
2026-04-20,0.0918,362037.6,1.19699,69
2026-04-21,0.1720,363791.8,1.17975,42
2026-04-22,0.2696,366693.3,1.15197,38
2026-04-23,0.3777,370400.5,1.11773,47
2026-04-24,0.4895,374570.6,1.08081,61
2026-04-25,0.5991,378907.7,1.04412,52
2026-04-26,0.7014,383187.7,1.00952,39
2026-04-27,0.7925,387262.4,0.97799,30
2026-04-28,0.8691,391047.5,0.94986,38
2026-04-29,0.9290,394500.6,0.92514,44
2026-04-30,0.9708,397597.0,0.90369,31
2026-05-01,0.9937,400306.6,0.88547,33
2026-05-02,0.9976,402577.7,0.87056,42
2026-05-03,0.9831,404329.1,0.85930,29
2026-05-04,0.9512,405450.7,0.85219,40
2026-05-05,0.9033,405813.4,0.84991,53
2026-05-06,0.8411,405285.2,0.85323,49
2026-05-07,0.7665,403752.2,0.86299,28
2026-05-08,0.6815,401141.5,0.87995,70
2026-05-09,0.5883,397445.0,0.90473,29
2026-05-10,0.4895,392740.9,0.93763,41
2026-05-11,0.3883,387210.0,0.97839,26
2026-05-12,0.2886,381143.9,1.02585,35
2026-05-13,0.1952,374940.1,1.07762,43
2026-05-14,0.1139,369076.9,1.12979,32
2026-05-15,0.0509,364065.7,1.17709,24
2026-05-16,0.0123,360382.2,1.21356,48
2026-05-17,0.0023,358387.0,1.23394,39
2026-05-18,0.0229,358257.2,1.23528,34
2026-05-19,0.0724,359953.7,1.21790,32
2026-05-20,0.1466,363235.2,1.18519,39
2026-05-21,0.2390,367715.9,1.14239,28
2026-05-22,0.3426,372943.4,1.09502,37
2026-05-23,0.4509,378473.4,1.04772,42
2026-05-24,0.5581,383924.5,1.00372,33
2026-05-25,0.6596,389007.0,0.96489,38
2026-05-26,0.7518,393529.3,0.93201,34
2026-05-27,0.8320,397386.7,0.90513,47
2026-05-28,0.8980,400541.1,0.88391,35
2026-05-29,0.9481,402996.2,0.86786,39
2026-05-30,0.9814,404773.4,0.85647,41
2026-05-31,0.9969,405890.7,0.84942,51
2026-06-01,0.9946,406348.6,0.84655,38
2026-06-02,0.9746,406123.1,0.84796,28
2026-06-03,0.9376,405167.5,0.85398,49
2026-06-04,0.8845,403421.9,0.86511,40
2026-06-05,0.8168,400830.0,0.88200,38
2026-06-06,0.7361,397360.2,0.90531,32
2026-06-07,0.6445,393030.3,0.93556,52
2026-06-08,0.5446,387931.4,0.97294,175
2026-06-09,0.4397,382248.6,1.01698,69
2026-06-10,0.3341,376272.3,1.06621,45
2026-06-11,0.2330,370394.9,1.11778,68
2026-06-12,0.1426,365085.6,1.16726,53
2026-06-13,0.0700,360839.7,1.20895,40
2026-06-14,0.0215,358104.4,1.23686,33
2026-06-15,0.0019,357196.4,1.24632,44
2026-06-16,0.0133,358233.5,1.23553,65
2026-06-17,0.0543,361107.2,1.20626,41
2026-06-18,0.1203,365505.7,1.16324,40
2026-06-19,0.2054,370978.7,1.11251,61
2026-06-20,0.3028,377020.0,1.05988,51
2026-06-21,0.4061,383143.2,1.00987,39
2026-06-22,0.5102,388935.7,0.96542,39
2026-06-23,0.6107,394086.9,0.92806,35
2026-06-24,0.7044,398395.2,0.89827,44
2026-06-25,0.7884,401758.6,0.87590,47
2026-06-26,0.8606,404156.9,0.86040,42
2026-06-27,0.9192,405628.5,0.85107,42
2026-06-28,0.9626,406246.2,0.84719,45
2026-06-29,0.9894,406094.7,0.84814,31
2026-06-30,0.9988,405251.6,0.85345,39
2026-07-01,0.9900,403774.9,0.86284,35
2026-07-02,0.9631,401697.6,0.87630,39
2026-07-03,0.9184,399030.3,0.89399,55
2026-07-04,0.8568,395772.8,0.91625,51
2026-07-05,0.7798,391932.7,0.94344,30
2026-07-06,0.6894,387547.8,0.97583,37
2026-07-07,0.5885,382711.6,1.01329,45
2026-07-08,0.4806,377594.4,1.05505,45
2026-07-09,0.3705,372455.7,1.09933,29
2026-07-10,0.2637,367641.1,1.14308,34
2026-07-11,0.1670,363557.4,1.18204,45
2026-07-12,0.0874,360622.8,1.21113,41
2026-07-13,0.0313,359197.9,1.22560,48
2026-07-14,0.0035,359511.5,1.22240,44
2026-07-15,0.0058,361605.5,1.20128,34
2026-07-16,0.0370,365316.9,1.16504,48
2026-07-17,0.0932,370304.8,1.11859,116
2026-07-18,0.1689,376112.2,1.06757,77
2026-07-19,0.2581,382239.4,1.01705,53
2026-07-20,0.3551,388212.2,0.97083,56
2026-07-21,0.4552,393629.5,0.93129,66
2026-07-22,0.5542,398190.7,0.89966,48
2026-07-23,0.6491,401704.7,0.87625,48
2026-07-24,0.7371,404084.5,0.86086,55
2026-07-25,0.8158,405334.3,0.85292,29
2026-07-26,0.8830,405529.8,0.85169,43
2026-07-27,0.9367,404796.4,0.85633,57
2026-07-28,0.9749,403286.0,0.86599,58
2026-07-29,0.9959,401155.3,0.87986,62
2026-07-30,0.9983,398546.7,0.89725,66
2026-07-31,0.9812,395575.4,0.91762,53
2026-08-01,0.9443,392324.4,0.94062,49
2026-08-02,0.8881,388848.0,0.96607,55
2026-08-03,0.8141,385185.0,0.99390,29
2026-08-04,0.7245,381379.2,1.02395,40
2026-08-05,0.6225,377502.5,1.05582,53
2026-08-06,0.5123,373677.6,1.08858,23
2026-08-07,0.3991,370090.4,1.12054,29
2026-08-08,0.2889,366990.1,1.14918,33
2026-08-09,0.1884,364667.3,1.17128,33
2026-08-10,0.1045,363413.9,1.18344,28
2026-08-11,0.0429,363467.5,1.18291,31
2026-08-12,0.0078,364955.7,1.16850,25
2026-08-13,0.0010,367855.9,1.14108,21
2026-08-14,0.0215,371985.0,1.10350,29
2026-08-15,0.0663,377021.7,1.05987,61
2026-08-16,0.1308,382553.9,1.01455,31
2026-08-17,0.2099,388136.4,0.97140,47
2026-08-18,0.2990,393345.1,0.93332,32
2026-08-19,0.3936,397818.0,0.90219,32
2026-08-20,0.4902,401282.5,0.87902,29
2026-08-21,0.5856,403567.7,0.86417,38
2026-08-22,0.6770,404606.3,0.85754,26
2026-08-23,0.7620,404427.5,0.85867,23
2026-08-24,0.8380,403144.5,0.86690,20
2026-08-25,0.9024,400936.0,0.88130,30
2026-08-26,0.9524,398024.6,0.90078,23
