date,distance_km,apparent_diameter_arcsec,phase_angle,illumination_fraction
2021-08-27,398292.6,1799.5090,53.7284,0.7958
2021-08-28,401315.9,1785.9530,64.8126,0.7128
2021-08-29,403290.3,1777.2090,75.7420,0.6232
2021-08-30,404053.9,1773.8500,86.5881,0.5298
2021-08-31,403537.3,1776.1210,97.4304,0.4353
2021-09-01,401769.5,1783.9360,108.3499,0.3426
2021-09-02,398877.3,1796.8720,119.4230,0.2544
2021-09-03,395077.4,1814.1540,130.7143,0.1738
2021-09-04,390660.8,1834.6640,142.2658,0.1045
2021-09-05,385967.7,1856.9720,154.0705,0.0503
2021-09-06,381355.2,1879.4330,165.9412,0.0150
2021-09-07,377157.9,1900.3490,175.0121,0.0019
2021-09-08,373649.8,1918.1910,166.6760,0.0135
2021-09-09,371013.1,1931.8230,154.0347,0.0505
2021-09-10,369324.3,1940.6570,140.9336,0.1118
2021-09-11,368559.4,1944.6840,127.6858,0.1944
2021-09-12,368620.2,1944.3630,114.4097,0.2934
2021-09-13,369370.9,1940.4120,101.1769,0.4031
2021-09-14,370675.3,1933.5830,88.0346,0.5171
2021-09-15,372425.7,1924.4960,75.0142,0.6293
2021-09-16,374555.0,1913.5550,62.1393,0.7336
2021-09-17,377033.2,1900.9770,49.4331,0.8251
2021-09-18,379849.6,1886.8820,36.9278,0.8997
2021-09-19,382988.4,1871.4180,24.6854,0.9543
2021-09-20,386403.9,1854.8760,12.9228,0.9873
2021-09-21,390002.0,1837.7630,4.5892,0.9984
2021-09-22,393633.8,1820.8070,12.4450,0.9883
2021-09-23,397100.0,1804.9140,23.4888,0.9586
2021-09-24,400166.6,1791.0820,34.5890,0.9116
2021-09-25,402587.2,1780.3130,45.5732,0.8500
2021-09-26,404129.1,1773.5200,56.4460,0.7764
2021-09-27,404598.2,1771.4640,67.2545,0.6933
2021-09-28,403862.7,1774.6900,78.0649,0.6034
2021-09-29,401871.6,1783.4830,88.9546,0.5091
2021-09-30,398669.8,1797.8060,100.0056,0.4131
2021-10-01,394406.0,1817.2420,111.2988,0.3184
2021-10-02,389333.1,1840.9210,122.9064,0.2283
2021-10-03,383798.4,1867.4680,134.8816,0.1472
2021-10-04,378219.5,1895.0140,147.2437,0.0795
2021-10-05,373045.6,1921.2980,159.9370,0.0303
2021-10-06,368704.2,1943.9200,172.4567,0.0043
2021-10-07,365542.6,1960.7330,171.9373,0.0049
2021-10-08,363775.8,1970.2570,158.8660,0.0336
2021-10-09,363457.1,1971.9840,145.2318,0.0893
2021-10-10,364482.0,1966.4390,131.5736,0.1682
2021-10-11,366624.4,1954.9480,118.0468,0.2649
2021-10-12,369591.7,1939.2530,104.7381,0.3728
2021-10-13,373083.5,1921.1020,91.6925,0.4852
2021-10-14,376837.7,1901.9630,78.9249,0.5960
2021-10-15,380656.0,1882.8850,66.4301,0.6999
2021-10-16,384408.7,1864.5030,54.1929,0.7925
2021-10-17,388023.8,1847.1320,42.1967,0.8704
2021-10-18,391464.6,1830.8970,30.4317,0.9311
2021-10-19,394704.3,1815.8690,18.9129,0.9730
2021-10-20,397703.2,1802.1760,7.8336,0.9953
2021-10-21,400392.6,1790.0710,4.9504,0.9981
2021-10-22,402667.0,1779.9600,15.3627,0.9821
2021-10-23,404387.8,1772.3860,26.2061,0.9486
2021-10-24,405394.3,1767.9850,37.0200,0.8992
2021-10-25,405522.6,1767.4260,47.8006,0.8359
2021-10-26,404627.4,1771.3360,58.5912,0.7606
2021-10-27,402606.9,1780.2260,69.4541,0.6755
2021-10-28,399426.0,1794.4030,80.4629,0.5829
2021-10-29,395137.9,1813.8760,91.6984,0.4852
2021-10-30,389900.9,1838.2400,103.2426,0.3855
2021-10-31,383986.7,1866.5530,115.1705,0.2873
2021-11-01,377776.8,1897.2350,127.5408,0.1953
2021-11-02,371741.0,1928.0400,140.3817,0.1148
2021-11-03,366393.8,1956.1780,153.6768,0.0518
2021-11-04,362229.2,1978.6690,167.3324,0.0122
2021-11-05,359642.1,1992.9030,177.7437,0.0004
2021-11-06,358857.4,1997.2610,164.2980,0.0187
2021-11-07,359888.4,1991.5390,150.2194,0.0661
2021-11-08,362542.1,1976.9610,136.2925,0.1386
2021-11-09,366468.9,1955.7770,122.6588,0.2302
2021-11-10,371238.4,1930.6510,109.3964,0.3340
2021-11-11,376416.0,1904.0940,96.5344,0.4431
2021-11-12,381622.8,1878.1150,84.0636,0.5517
2021-11-13,386568.5,1854.0870,71.9492,0.6549
2021-11-14,391060.4,1832.7890,60.1437,0.7489
2021-11-15,394994.1,1814.5370,48.5958,0.8307
2021-11-16,398332.0,1799.3310,37.2572,0.8979
2021-11-17,401077.1,1787.0160,26.0860,0.9490
2021-11-18,403246.5,1777.4020,15.0477,0.9828
2021-11-19,404849.3,1770.3650,4.1237,0.9987
2021-11-20,405870.4,1765.9110,6.7729,0.9965
2021-11-21,406264.4,1764.1990,17.5813,0.9767
2021-11-22,405956.9,1765.5350,28.3785,0.9399
2021-11-23,404855.9,1770.3360,39.1976,0.8875
2021-11-24,402869.3,1779.0660,50.0849,0.8209
2021-11-25,399928.4,1792.1490,61.0969,0.7417
2021-11-26,396013.4,1809.8660,72.2997,0.6520
2021-11-27,391179.3,1832.2320,83.7664,0.5543
2021-11-28,385578.7,1858.8460,95.5721,0.4514
2021-11-29,379476.7,1888.7360,107.7859,0.3473
2021-11-30,373253.0,1920.2300,120.4599,0.2465
2021-12-01,367383.0,1950.9110,133.6156,0.1551
2021-12-02,362393.2,1977.7740,147.2286,0.0796
2021-12-03,358789.5,1997.6390,161.2163,0.0266
2021-12-04,356969.3,2007.8250,175.3844,0.0016
2021-12-05,357140.3,2006.8640,170.1399,0.0074
2021-12-06,359273.9,1994.9450,155.9547,0.0434
2021-12-07,363113.2,1973.8520,142.0230,0.1059
2021-12-08,368230.2,1946.4230,128.4835,0.1889
2021-12-09,374112.5,1915.8180,115.4046,0.2855
2021-12-10,380248.3,1884.9040,102.8001,0.3892
2021-12-11,386191.7,1855.8950,90.6420,0.4944
2021-12-12,391599.4,1830.2670,78.8757,0.5965
2021-12-13,396242.7,1808.8190,67.4329,0.6919
2021-12-14,400000.4,1791.8260,56.2424,0.7778
2021-12-15,402840.1,1779.1950,45.2375,0.8521
2021-12-16,404793.2,1770.6110,34.3609,0.9127
2021-12-17,405928.3,1765.6590,23.5710,0.9583
2021-12-18,406326.1,1763.9310,12.8675,0.9874
2021-12-19,406057.7,1765.0970,2.9375,0.9993
2021-12-20,405169.9,1768.9640,9.2533,0.9935
2021-12-21,403678.7,1775.4990,19.9968,0.9699
2021-12-22,401571.3,1784.8170,30.9386,0.9289
2021-12-23,398817.5,1797.1410,42.0291,0.8714
2021-12-24,395388.5,1812.7270,53.2948,0.7989
2021-12-25,391282.0,1831.7510,64.7801,0.7131
2021-12-26,386549.5,1854.1770,76.5382,0.6164
2021-12-27,381321.5,1879.5990,88.6250,0.5120
2021-12-28,375826.8,1907.0790,101.0911,0.4038
2021-12-29,370397.7,1935.0320,113.9704,0.2968
2021-12-30,365454.8,1961.2040,127.2660,0.1972
2021-12-31,361465.4,1982.8500,140.9339,0.1118
2022-01-01,358875.6,1997.1590,154.8608,0.0473
2022-01-02,358027.6,2001.8900,168.7438,0.0096
2022-01-03,359083.4,1996.0040,175.1464,0.0018
2022-01-04,361982.1,1980.0200,162.2041,0.0239
2022-01-05,366447.5,1955.8920,148.6576,0.0730
2022-01-06,372041.2,1926.4840,135.4505,0.1437
2022-01-07,378243.2,1894.8960,122.6970,0.2299
2022-01-08,384531.9,1863.9060,110.4139,0.3256
2022-01-09,390447.1,1835.6680,98.5686,0.4255
2022-01-10,395628.7,1811.6260,87.0995,0.5253
2022-01-11,399832.2,1792.5800,75.9303,0.6215
2022-01-12,402927.4,1778.8100,64.9804,0.7114
2022-01-13,404885.8,1770.2060,54.1733,0.7926
2022-01-14,405760.6,1766.3890,43.4424,0.8630
2022-01-15,405663.2,1766.8130,32.7394,0.9205
2022-01-16,404738.0,1770.8520,22.0542,0.9634
2022-01-17,403138.2,1777.8800,11.5432,0.9899
2022-01-18,401004.6,1787.3390,4.2855,0.9986
2022-01-19,398449.9,1798.7990,12.2544,0.9886
2022-01-20,395550.5,1811.9840,23.2148,0.9595
2022-01-21,392348.9,1826.7700,34.5910,0.9116
2022-01-22,388864.4,1843.1400,46.2254,0.8459
2022-01-23,385113.8,1861.0900,58.1023,0.7642
2022-01-24,381136.6,1880.5100,70.2353,0.6691
2022-01-25,377021.6,1901.0350,82.6464,0.5640
2022-01-26,372927.2,1921.9070,95.3555,0.4533
2022-01-27,369090.3,1941.8870,108.3703,0.3424
2022-01-28,365816.1,1959.2680,121.6735,0.2374
2022-01-29,363445.4,1972.0480,135.2100,0.1451
2022-01-30,362300.8,1978.2780,148.8682,0.0720
2022-01-31,362621.3,1976.5290,162.4057,0.0234
2022-02-01,364503.1,1966.3250,174.2306,0.0025
2022-02-02,367866.0,1948.3500,168.5286,0.0100
2022-02-03,372456.7,1924.3350,155.8728,0.0437
2022-02-04,377887.6,1896.6790,143.2103,0.0996
2022-02-05,383697.3,1867.9610,130.8950,0.1727
2022-02-06,389414.9,1840.5340,118.9764,0.2578
2022-02-07,394614.1,1816.2840,107.4314,0.3502
2022-02-08,398951.2,1796.5390,96.2026,0.4460
2022-02-09,402185.4,1782.0920,85.2150,0.5417
2022-02-10,404185.4,1773.2730,74.3864,0.6346
2022-02-11,404925.9,1770.0310,63.6349,0.7220
2022-02-12,404475.2,1772.0030,52.8859,0.8017
2022-02-13,402978.8,1778.5830,42.0784,0.8711
2022-02-14,400637.4,1788.9770,31.1770,0.9278
2022-02-15,397682.2,1802.2710,20.2120,0.9692
2022-02-16,394349.2,1817.5040,9.5855,0.9930
2022-02-17,390854.0,1833.7570,6.0496,0.9972
2022-02-18,387371.8,1850.2420,16.0746,0.9805
2022-02-19,384025.8,1866.3620,27.8010,0.9423
2022-02-20,380887.0,1881.7430,39.9354,0.8834
2022-02-21,377985.2,1896.1890,52.3243,0.8056
2022-02-22,375331.6,1909.5960,64.9201,0.7120
2022-02-23,372944.5,1921.8180,77.6999,0.6065
2022-02-24,370874.5,1932.5450,90.6482,0.4943
2022-02-25,369219.3,1941.2080,103.7466,0.3812
2022-02-26,368124.1,1946.9830,116.9655,0.2733
2022-02-27,367763.2,1948.8940,130.2555,0.1769
2022-02-28,368305.4,1946.0260,143.5367,0.0979
2022-03-01,369870.6,1937.7900,156.6702,0.0409
2022-03-02,372489.5,1924.1660,169.2154,0.0088
2022-03-03,376077.0,1905.8100,174.1535,0.0026
2022-03-04,380429.5,1884.0060,163.3185,0.0211
2022-03-05,385244.3,1860.4590,151.3017,0.0614
2022-03-06,390157.4,1837.0310,139.4581,0.1201
2022-03-07,394786.5,1815.4910,127.9020,0.1929
2022-03-08,398773.5,1797.3390,116.6251,0.2759
2022-03-09,401818.5,1783.7190,105.5783,0.3657
2022-03-10,403703.4,1775.3900,94.6921,0.4591
2022-03-11,404307.0,1772.7400,83.8867,0.5532
2022-03-12,403609.9,1775.8020,73.0785,0.6455
2022-03-13,401693.3,1784.2740,62.1868,0.7333
2022-03-14,398730.7,1797.5320,51.1397,0.8137
2022-03-15,394971.7,1814.6390,39.8815,0.8837
2022-03-16,390720.6,1834.3830,28.3882,0.9399
2022-03-17,386306.4,1855.3440,16.7247,0.9788
2022-03-18,382049.0,1876.0200,5.8026,0.9974
2022-03-19,378224.7,1894.9890,9.4832,0.9932
2022-03-20,375037.0,1911.0950,21.6413,0.9648
2022-03-21,372600.1,1923.5950,34.4115,0.9125
2022-03-22,370939.3,1932.2070,47.4003,0.8385
2022-03-23,370009.2,1937.0640,60.4979,0.7462
2022-03-24,369724.5,1938.5560,73.6402,0.6408
2022-03-25,369994.1,1937.1430,86.7831,0.5281
2022-03-26,370749.7,1933.1950,99.8942,0.4141
2022-03-27,371961.2,1926.8990,112.9465,0.3050
2022-03-28,373635.4,1918.2650,125.9116,0.2067
2022-03-29,375798.7,1907.2220,138.7536,0.1240
2022-03-30,378471.2,1893.7540,151.4209,0.0609
2022-03-31,381637.2,1878.0440,163.8079,0.0198
2022-04-01,385222.9,1860.5630,175.1044,0.0018
2022-04-02,389084.7,1842.0960,170.7643,0.0065
2022-04-03,393014.0,1823.6790,159.3265,0.0322
2022-04-04,396753.1,1806.4920,147.8836,0.0765
2022-04-05,400021.2,1791.7330,136.6307,0.1366
2022-04-06,402543.6,1780.5060,125.5632,0.2092
2022-04-07,404080.4,1773.7340,114.6358,0.2916
2022-04-08,404451.5,1772.1060,103.7836,0.3809
2022-04-09,403556.5,1776.0370,92.9299,0.4744
2022-04-10,401388.7,1785.6290,81.9919,0.5696
2022-04-11,398043.1,1800.6370,70.8859,0.6637
2022-04-12,393717.3,1820.4210,59.5332,0.7535
2022-04-13,388703.3,1843.9040,47.8675,0.8354
2022-04-14,383369.2,1869.5590,35.8435,0.9053
2022-04-15,378128.1,1895.4730,23.4515,0.9587
2022-04-16,373394.6,1919.5010,10.7755,0.9912
2022-04-17,369534.6,1939.5520,3.4569,0.9991
2022-04-18,366815.7,1953.9290,16.1596,0.9803
2022-04-19,365372.6,1961.6460,29.6332,0.9346
2022-04-20,365197.2,1962.5880,43.1995,0.8645
2022-04-21,366156.8,1957.4450,56.7275,0.7743
2022-04-22,368036.2,1947.4490,70.1314,0.6699
2022-04-23,370588.8,1934.0340,83.3561,0.5579
2022-04-24,373582.8,1918.5340,96.3722,0.4445
2022-04-25,376832.2,1901.9910,109.1695,0.3358
2022-04-26,380208.6,1885.1010,121.7491,0.2369
2022-04-27,383635.3,1868.2620,134.1165,0.1519
2022-04-28,387068.8,1851.6900,146.2762,0.0841
2022-04-29,390474.4,1835.5400,158.2286,0.0356
2022-04-30,393802.9,1820.0260,169.9578,0.0077
2022-05-01,396973.0,1805.4910,178.0751,0.0003
2022-05-02,399863.7,1792.4390,166.9984,0.0128
2022-05-03,402316.5,1781.5110,155.8216,0.0439
2022-05-04,404147.7,1773.4390,144.7805,0.0915
2022-05-05,405166.9,1768.9770,133.8464,0.1537
2022-05-06,405199.9,1768.8330,122.9702,0.2279
2022-05-07,404112.5,1773.5930,112.0894,0.3120
2022-05-08,401833.4,1783.6520,101.1313,0.4035
2022-05-09,398374.6,1799.1390,90.0157,0.4999
2022-05-10,393846.7,1819.8230,78.6598,0.5983
2022-05-11,388468.0,1845.0200,66.9845,0.6955
2022-05-12,382563.7,1873.4960,54.9220,0.7873
2022-05-13,376550.6,1903.4130,42.4262,0.8690
2022-05-14,370904.9,1932.3860,29.4841,0.9352
2022-05-15,366109.9,1957.6950,16.1248,0.9803
2022-05-16,362590.0,1976.7000,2.4337,0.9995
2022-05-17,360642.7,1987.3730,11.5107,0.9900
2022-05-18,360388.5,1988.7750,25.5204,0.9512
2022-05-19,361755.6,1981.2590,39.4680,0.8860
2022-05-20,364506.4,1966.3080,53.2260,0.7994
2022-05-21,368294.5,1946.0830,66.7026,0.6978
2022-05-22,372735.3,1922.8970,79.8468,0.5881
2022-05-23,377466.7,1898.7940,92.6445,0.4769
2022-05-24,382191.2,1875.3210,105.1091,0.3697
2022-05-25,386693.6,1853.4870,117.2705,0.2709
2022-05-26,390838.6,1833.8300,129.1656,0.1842
2022-05-27,394555.0,1816.5560,140.8311,0.1123
2022-05-28,397812.1,1801.6830,152.2981,0.0573
2022-05-29,400594.9,1789.1670,163.5848,0.0204
2022-05-30,402882.2,1779.0090,174.6166,0.0022
2022-05-31,404631.6,1771.3180,173.9243,0.0028
2022-06-01,405772.7,1766.3370,163.0763,0.0217
2022-06-02,406209.6,1764.4370,152.1950,0.0577
2022-06-03,405831.2,1766.0820,141.3238,0.1097
2022-06-04,404528.6,1771.7690,130.4263,0.1758
2022-06-05,402216.1,1781.9550,119.4491,0.2542
2022-06-06,398856.1,1796.9670,108.3275,0.3428
2022-06-07,394481.6,1816.8940,96.9893,0.4392
2022-06-08,389218.1,1841.4640,85.3587,0.5405
2022-06-09,383297.6,1869.9080,73.3633,0.6431
2022-06-10,377062.7,1900.8290,60.9440,0.7428
2022-06-11,370953.6,1932.1330,48.0675,0.8341
2022-06-12,365473.7,1961.1030,34.7427,0.9108
2022-06-13,361129.8,1984.6930,21.0463,0.9666
2022-06-14,358354.8,2000.0620,7.3126,0.9959
2022-06-15,357428.5,2005.2450,7.9013,0.9953
2022-06-16,358421.7,1999.6880,21.8208,0.9642
2022-06-17,361184.1,1984.3940,35.8049,0.9055
2022-06-18,365381.7,1961.5970,49.5174,0.8246
2022-06-19,370568.3,1934.1420,62.8473,0.7282
2022-06-20,376266.9,1904.8480,75.7510,0.6231
2022-06-21,382038.5,1876.0710,88.2319,0.5154
2022-06-22,387525.6,1849.5070,100.3244,0.4104
2022-06-23,392471.7,1826.1990,112.0807,0.3120
2022-06-24,396719.5,1806.6450,123.5588,0.2236
2022-06-25,400195.8,1790.9510,134.8143,0.1476
2022-06-26,402888.8,1778.9800,145.8919,0.0860
2022-06-27,404823.1,1770.4800,156.8117,0.0404
2022-06-28,406035.8,1765.1920,167.4941,0.0119
2022-06-29,406557.1,1762.9290,176.1789,0.0011
2022-06-30,406397.5,1763.6210,169.4974,0.0084
2022-07-01,405542.7,1767.3380,158.9261,0.0335
2022-07-02,403957.0,1774.2760,148.0717,0.0757
2022-07-03,401595.5,1784.7090,137.0699,0.1339
2022-07-04,398421.4,1798.9270,125.9085,0.2068
2022-07-05,394430.2,1817.1310,114.5451,0.2923
2022-07-06,389673.7,1839.3110,102.9242,0.3882
2022-07-07,384284.3,1865.1070,90.9859,0.4914
2022-07-08,378492.1,1893.6500,78.6742,0.5982
2022-07-09,372630.6,1923.4370,65.9477,0.7038
2022-07-10,367124.8,1952.2840,52.7942,0.8023
2022-07-11,362453.5,1977.4450,39.2495,0.8872
2022-07-12,359087.6,1995.9800,25.4294,0.9515
2022-07-13,357410.1,2005.3480,11.7209,0.9896
2022-07-14,357638.1,2004.0700,5.5616,0.9976
2022-07-15,359772.9,1992.1780,18.0848,0.9753
2022-07-16,363596.5,1971.2280,31.7315,0.9253
2022-07-17,368716.7,1943.8540,45.1413,0.8527
2022-07-18,374642.2,1913.1090,58.1437,0.7639
2022-07-19,380863.6,1881.8590,70.6965,0.6653
2022-07-20,386919.0,1852.4070,82.8148,0.5625
2022-07-21,392436.2,1826.3640,94.5471,0.4604
2022-07-22,397151.4,1804.6800,105.9588,0.3625
2022-07-23,400908.3,1787.7690,117.1212,0.2720
2022-07-24,403646.4,1775.6410,128.1023,0.1914
2022-07-25,405380.8,1768.0440,138.9593,0.1229
2022-07-26,406178.8,1764.5710,149.7271,0.0682
2022-07-27,406135.9,1764.7570,160.3816,0.0290
2022-07-28,405354.1,1768.1610,170.5569,0.0068
2022-07-29,403924.0,1774.4210,174.3242,0.0025
2022-07-30,401913.0,1783.3000,165.1826,0.0166
2022-07-31,399361.9,1794.6910,154.3275,0.0494
2022-08-01,396289.9,1808.6030,143.1073,0.1001
2022-08-02,392708.1,1825.0990,131.6397,0.1678
2022-08-03,388639.7,1844.2050,119.9271,0.2506
2022-08-04,384144.4,1865.7860,107.9442,0.3460
2022-08-05,379342.5,1889.4050,95.6571,0.4507
2022-08-06,374433.2,1914.1770,83.0351,0.5606
2022-08-07,369701.1,1938.6790,70.0614,0.6705
2022-08-08,365503.9,1960.9410,56.7467,0.7741
2022-08-09,362237.2,1978.6250,43.1443,0.8648
2022-08-10,360276.7,1989.3920,29.3752,0.9357
2022-08-11,359907.9,1991.4310,15.7393,0.9812
2022-08-12,361261.5,1983.9690,5.0772,0.9980
2022-08-13,364276.2,1967.5500,13.8038,0.9856
2022-08-14,368701.8,1943.9330,26.8358,0.9462
2022-08-15,374142.0,1915.6670,39.7773,0.8843
2022-08-16,380120.5,1885.5380,52.3501,0.8054
2022-08-17,386150.1,1856.0950,64.5074,0.7152
2022-08-18,391790.6,1829.3730,76.2699,0.6187
2022-08-19,396687.0,1806.7930,87.6925,0.5201
2022-08-20,400588.4,1789.1960,98.8469,0.4231
2022-08-21,403351.8,1776.9380,109.8116,0.3305
2022-08-22,404935.5,1769.9880,120.6634,0.2450
2022-08-23,405383.8,1768.0310,131.4708,0.1689
2022-08-24,404808.0,1770.5460,142.2871,0.1044
2022-08-25,403364.2,1776.8830,153.1351,0.0539
2022-08-26,401229.7,1786.3360,163.9381,0.0195
2022-08-27,398580.4,1798.2100,173.7180,0.0030
2022-08-28,395572.5,1811.8840,171.2099,0.0059
2022-08-29,392328.8,1826.8640,160.3999,0.0290
2022-08-30,388935.5,1842.8030,148.7922,0.0724
2022-08-31,385447.3,1859.4800,136.8599,0.1352
2022-09-01,381903.1,1876.7360,124.6738,0.2156
2022-09-02,378348.0,1894.3710,112.2484,0.3107
2022-09-03,374857.1,1912.0120,99.5840,0.4168
2022-09-04,371556.2,1928.9990,86.6801,0.5290
2022-09-05,368630.1,1944.3110,73.5448,0.6416
2022-09-06,366315.5,1956.5970,60.2050,0.7484
2022-09-07,364874.0,1964.3260,46.7155,0.8428
2022-09-08,364547.8,1966.0840,33.1704,0.9185
2022-09-09,365506.6,1960.9270,19.7417,0.9706
2022-09-10,367801.1,1948.6930,7.1748,0.9961
2022-09-11,371336.6,1930.1400,8.6251,0.9944
2022-09-12,375875.5,1906.8320,20.9015,0.9671
2022-09-13,381068.0,1880.8490,33.3252,0.9178
2022-09-14,386500.4,1854.4130,45.4455,0.8508
2022-09-15,391748.1,1829.5720,57.2154,0.7708
2022-09-16,396422.0,1808.0010,68.6599,0.6820
2022-09-17,400203.0,1790.9190,79.8358,0.5882
2022-09-18,402864.1,1779.0890,90.8168,0.4929
2022-09-19,404279.8,1772.8590,101.6847,0.3987
2022-09-20,404426.7,1772.2150,112.5217,0.3085
2022-09-21,403376.7,1776.8280,123.4059,0.2247
2022-09-22,401283.9,1786.0950,134.4049,0.1501
2022-09-23,398365.6,1799.1800,145.5698,0.0876
2022-09-24,394879.1,1815.0650,156.9190,0.0400
2022-09-25,391094.7,1832.6280,168.3499,0.0103
2022-09-26,387267.2,1850.7410,176.5131,0.0009
2022-09-27,383610.6,1868.3830,166.5636,0.0137
2022-09-28,380280.4,1884.7440,154.3442,0.0493
2022-09-29,377367.7,1899.2920,141.7892,0.1072
2022-09-30,374906.1,1911.7630,129.0311,0.1852
2022-10-01,372892.2,1922.0880,116.1229,0.2799
2022-10-02,371312.7,1930.2640,103.0991,0.3867
2022-10-03,370170.4,1936.2210,89.9867,0.5001
2022-10-04,369503.3,1939.7160,76.8107,0.6141
2022-10-05,369388.5,1940.3190,63.6007,0.7223
2022-10-06,369929.7,1937.4810,50.3963,0.8187
2022-10-07,371229.9,1930.6940,37.2506,0.8980
2022-10-08,373356.8,1919.6960,24.2360,0.9559
2022-10-09,376308.4,1904.6380,11.4854,0.9900
2022-10-10,379992.1,1886.1750,2.7420,0.9994
2022-10-11,384219.5,1865.4220,13.9629,0.9852
2022-10-12,388721.1,1843.8190,25.9173,0.9497
2022-10-13,393174.5,1822.9340,37.6146,0.8961
2022-10-14,397239.8,1804.2780,49.0322,0.8278
2022-10-15,400595.9,1789.1630,60.2040,0.7485
2022-10-16,402970.9,1778.6180,71.1879,0.6612
2022-10-17,404166.6,1773.3560,82.0569,0.5691
2022-10-18,404074.9,1773.7580,92.8931,0.4748
2022-10-19,402686.9,1779.8720,103.7820,0.3809
2022-10-20,400095.8,1791.3990,114.8075,0.2902
2022-10-21,396491.5,1807.6840,126.0469,0.2058
2022-10-22,392148.6,1827.7030,137.5644,0.1310
2022-10-23,387404.2,1850.0870,149.4049,0.0696
2022-10-24,382626.8,1873.1870,161.5860,0.0256
2022-10-25,378177.5,1895.2250,174.0575,0.0027
2022-10-26,374367.9,1914.5110,172.9345,0.0038
2022-10-27,371422.7,1929.6920,159.8995,0.0305
2022-10-28,369456.7,1939.9610,146.6568,0.0823
2022-10-29,368472.9,1945.1410,133.3217,0.1570
2022-10-30,368382.9,1945.6160,119.9743,0.2502
2022-10-31,369043.1,1942.1350,106.6777,0.3565
2022-11-01,370296.7,1935.5600,93.4765,0.4697
2022-11-02,372008.8,1926.6520,80.3997,0.5834
2022-11-03,374087.9,1915.9440,67.4650,0.6916
2022-11-04,376487.8,1903.7310,54.6855,0.7890
2022-11-05,379195.5,1890.1370,42.0743,0.8711
2022-11-06,382206.4,1875.2470,29.6474,0.9345
2022-11-07,385497.8,1859.2360,17.4234,0.9770
2022-11-08,389005.4,1842.4710,5.4229,0.9978
2022-11-09,392610.2,1825.5540,6.3573,0.9969
2022-11-10,396136.9,1809.3020,17.8873,0.9758
2022-11-11,399365.3,1794.6760,29.1918,0.9365
2022-11-12,402050.5,1782.6890,40.2941,0.8814
2022-11-13,403947.8,1774.3160,51.2353,0.8131
2022-11-14,404839.5,1770.4080,62.0718,0.7342
2022-11-15,404560.6,1771.6290,72.8725,0.6473
2022-11-16,403019.9,1778.4020,83.7164,0.5547
2022-11-17,400218.2,1790.8510,94.6885,0.4591
2022-11-18,396260.2,1808.7390,105.8749,0.3632
2022-11-19,391359.1,1831.3910,117.3569,0.2702
2022-11-20,385832.0,1857.6260,129.2033,0.1839
2022-11-21,380082.6,1885.7260,141.4604,0.1089
2022-11-22,374567.5,1913.4910,154.1396,0.0501
2022-11-23,369746.7,1938.4390,167.1912,0.0124
2022-11-24,366023.0,1958.1600,178.1937,0.0002
2022-11-25,363681.4,1970.7680,165.4702,0.0160
2022-11-26,362845.7,1975.3070,151.7115,0.0597
2022-11-27,363467.3,1971.9290,137.9408,0.1288
2022-11-28,365349.7,1961.7690,124.2967,0.2183
2022-11-29,368201.4,1946.5750,110.8711,0.3219
2022-11-30,371698.7,1928.2590,97.7178,0.4329
2022-12-01,375541.8,1908.5260,84.8582,0.5448
2022-12-02,379491.1,1888.6650,72.2894,0.6521
2022-12-03,383381.2,1869.5010,59.9946,0.7500
2022-12-04,387116.2,1851.4630,47.9524,0.8348
2022-12-05,390649.7,1834.7160,36.1444,0.9037
2022-12-06,393960.2,1819.2990,24.5651,0.9547
2022-12-07,397024.2,1805.2580,13.2614,0.9867
2022-12-08,399796.1,1792.7420,3.2758,0.9992
2022-12-09,402195.3,1782.0480,9.8269,0.9927
2022-12-10,404103.7,1773.6320,20.5815,0.9681
2022-12-11,405373.3,1768.0770,31.3750,0.9269
2022-12-12,405841.3,1766.0380,42.1293,0.8708
2022-12-13,405351.1,1768.1740,52.8730,0.8018
2022-12-14,403776.4,1775.0690,63.6604,0.7219
2022-12-15,401046.4,1787.1530,74.5606,0.6331
2022-12-16,397168.8,1804.6010,85.6516,0.5379
2022-12-17,392249.9,1827.2310,97.0158,0.4389
2022-12-18,386508.9,1854.3720,108.7326,0.3394
2022-12-19,380281.1,1884.7410,120.8685,0.2434
2022-12-20,374005.9,1916.3640,133.4642,0.1560
2022-12-21,368193.9,1946.6150,146.5137,0.0830
2022-12-22,363369.7,1972.4590,159.9188,0.0304
2022-12-23,359996.1,1990.9430,173.0303,0.0037
2022-12-24,358392.8,1999.8500,170.8086,0.0064
2022-12-25,358676.1,1998.2700,157.1620,0.0392
2022-12-26,360740.1,1986.8370,143.2379,0.0995
2022-12-27,364287.9,1967.4870,129.5080,0.1819
2022-12-28,368900.9,1942.8840,116.1165,0.2799
2022-12-29,374121.1,1915.7740,103.1250,0.3865
2022-12-30,379522.6,1888.5080,90.5440,0.4953
2022-12-31,384759.1,1862.8060,78.3496,0.6010
2023-01-01,389583.6,1839.7370,66.4987,0.6994
2023-01-02,393847.5,1819.8190,54.9417,0.7872
2023-01-03,397483.4,1803.1730,43.6327,0.8619
2023-01-04,400480.5,1789.6780,32.5401,0.9215
2023-01-05,402857.0,1779.1200,21.6722,0.9646
2023-01-06,404635.7,1771.3000,11.2303,0.9904
2023-01-07,405823.3,1766.1160,4.5871,0.9984
2023-01-08,406399.0,1763.6140,12.2412,0.9886
2023-01-09,406310.8,1763.9970,22.5912,0.9617
2023-01-10,405481.9,1767.6030,33.2145,0.9183
2023-01-11,403824.3,1774.8590,43.9609,0.8599
2023-01-12,401259.5,1786.2040,54.8380,0.7880
2023-01-13,397742.9,1801.9960,65.8914,0.7043
2023-01-14,393290.3,1822.3970,77.1828,0.6109
2023-01-15,388003.4,1847.2300,88.7818,0.5106
2023-01-16,382088.9,1875.8240,100.7570,0.4067
2023-01-17,375869.3,1906.8630,113.1656,0.3033
2023-01-18,369775.2,1938.2900,126.0379,0.2058
2023-01-19,364314.5,1967.3430,139.3570,0.1206
2023-01-20,360013.4,1990.8480,153.0217,0.0544
2023-01-21,357334.2,2005.7740,166.6633,0.0135
2023-01-22,356586.8,2009.9790,174.6771,0.0022
2023-01-23,357860.3,2002.8250,163.0592,0.0217
2023-01-24,361003.3,1985.3880,149.3272,0.0700
2023-01-25,365658.1,1960.1140,135.7317,0.1420
2023-01-26,371336.9,1930.1380,122.5203,0.2312
2023-01-27,377511.3,1898.5690,109.7658,0.3309
2023-01-28,383689.8,1867.9970,97.4707,0.4350
2023-01-29,389468.6,1840.2800,85.5963,0.5384
2023-01-30,394556.0,1816.5510,74.0817,0.6371
2023-01-31,398774.4,1797.3350,62.8577,0.7281
2023-02-01,402046.4,1782.7080,51.8571,0.8088
2023-02-02,404373.8,1772.4470,41.0228,0.8772
2023-02-03,405811.4,1766.1680,30.3197,0.9316
2023-02-04,406441.0,1763.4320,19.7704,0.9705
2023-02-05,406348.0,1763.8360,9.7158,0.9928
2023-02-06,405602.5,1767.0780,5.4756,0.9977
2023-02-07,404247.8,1773.0000,14.1569,0.9848
2023-02-08,402296.6,1781.5990,24.7171,0.9542
2023-02-09,399737.5,1793.0050,35.6290,0.9064
2023-02-10,396548.4,1807.4250,46.7659,0.8425
2023-02-11,392718.5,1825.0510,58.1304,0.7640
2023-02-12,388274.0,1845.9420,69.7573,0.6730
2023-02-13,383304.5,1869.8750,81.6934,0.5722
2023-02-14,377986.3,1896.1840,93.9864,0.4652
2023-02-15,372595.0,1923.6210,106.6745,0.3565
2023-02-16,367501.6,1950.2810,119.7720,0.2517
2023-02-17,363145.2,1973.6780,133.2533,0.1574
2023-02-18,359978.2,1991.0420,147.0314,0.0805
2023-02-19,358390.8,1999.8610,160.8969,0.0275
2023-02-20,358630.4,1998.5250,173.6756,0.0030
2023-02-21,360741.6,1986.8290,169.2570,0.0088
2023-02-22,364548.3,1966.0820,156.0070,0.0432
2023-02-23,369685.6,1938.7600,142.7148,0.1022
2023-02-24,375668.4,1907.8830,129.7954,0.1800
2023-02-25,381972.0,1876.3980,117.3276,0.2705
2023-02-26,388103.5,1846.7530,105.3070,0.3680
2023-02-27,393652.0,1820.7230,93.6872,0.4678
2023-02-28,398314.7,1799.4100,82.3987,0.5661
2023-03-01,401904.1,1783.3390,71.3623,0.6598
2023-03-02,404341.2,1772.5900,60.4980,0.7462
2023-03-03,405639.5,1766.9160,49.7317,0.8232
2023-03-04,405884.0,1765.8520,39.0016,0.8885
2023-03-05,405207.3,1768.8010,28.2664,0.9404
2023-03-06,403765.5,1775.1180,17.5375,0.9767
2023-03-07,401715.1,1784.1780,7.1984,0.9961
2023-03-08,399194.3,1795.4450,6.3085,0.9970
2023-03-09,396309.6,1808.5140,16.7860,0.9787
2023-03-10,393132.2,1823.1310,28.1016,0.9411
2023-03-11,389703.0,1839.1730,39.7134,0.8846
2023-03-12,386047.6,1856.5880,51.5717,0.8108
2023-03-13,382198.6,1875.2850,63.6796,0.7217
2023-03-14,378221.0,1895.0070,76.0540,0.6205
2023-03-15,374235.7,1915.1880,88.7138,0.5112
2023-03-16,370434.6,1934.8400,101.6708,0.3988
2023-03-17,367080.0,1952.5210,114.9193,0.2893
2023-03-18,364483.3,1966.4320,128.4258,0.1892
2023-03-19,362962.2,1974.6730,142.1199,0.1053
2023-03-20,362781.8,1975.6550,155.8824,0.0436
2023-03-21,364093.6,1968.5370,169.4596,0.0084
2023-03-22,366891.0,1953.5270,175.4717,0.0016
2023-03-23,370995.9,1931.9120,162.8782,0.0222
2023-03-24,376081.7,1905.7860,149.9756,0.0671
2023-03-25,381723.2,1877.6210,137.4278,0.1318
2023-03-26,387458.1,1849.8290,125.2896,0.2112
2023-03-27,392844.8,1824.4640,113.5449,0.3003
2023-03-28,397506.3,1803.0690,102.1426,0.3948
2023-03-29,401158.1,1786.6550,91.0113,0.4912
2023-03-30,403620.9,1775.7530,80.0691,0.5862
2023-03-31,404822.1,1770.4840,69.2311,0.6773
2023-04-01,404787.8,1770.6340,58.4151,0.7619
2023-04-02,403629.6,1775.7150,47.5466,0.8375
2023-04-03,401525.5,1785.0200,36.5619,0.9016
2023-04-04,398697.3,1797.6820,25.4136,0.9516
2023-04-05,395385.6,1812.7400,14.0830,0.9850
2023-04-06,391823.8,1829.2180,2.8795,0.9994
2023-04-07,388215.6,1846.2200,9.5823,0.9930
2023-04-08,384718.1,1863.0040,21.5750,0.9650
2023-04-09,381435.0,1879.0400,33.8403,0.9153
2023-04-10,378421.3,1894.0040,46.3193,0.8453
2023-04-11,375700.5,1907.7210,58.9890,0.7576
2023-04-12,373287.3,1920.0530,71.8333,0.6559
2023-04-13,371214.3,1930.7760,84.8387,0.5450
2023-04-14,369550.9,1939.4670,97.9903,0.4305
2023-04-15,368410.9,1945.4680,111.2656,0.3186
2023-04-16,367942.9,1947.9420,124.6289,0.2158
2023-04-17,368303.5,1946.0350,138.0276,0.1282
2023-04-18,369619.3,1939.1080,151.3922,0.0610
2023-04-19,371946.2,1926.9770,164.6407,0.0178
2023-04-20,375238.3,1910.0700,177.6668,0.0004
2023-04-21,379336.7,1889.4330,169.5117,0.0084
2023-04-22,383979.2,1866.5890,157.0560,0.0396
2023-04-23,388830.6,1843.3000,144.9459,0.0907
2023-04-24,393522.0,1821.3250,133.1796,0.1579
2023-04-25,397692.6,1802.2240,121.7265,0.2371
2023-04-26,401025.8,1787.2450,110.5333,0.3246
2023-04-27,403276.2,1777.2710,99.5305,0.4172
2023-04-28,404287.8,1772.8240,88.6383,0.5119
2023-04-29,404002.9,1774.0740,77.7720,0.6059
2023-04-30,402463.9,1780.8580,66.8472,0.6966
2023-05-01,399808.4,1792.6870,55.7846,0.7811
2023-05-02,396256.9,1808.7540,44.5147,0.8565
2023-05-03,392093.9,1827.9580,32.9834,0.9194
2023-05-04,387642.1,1848.9510,21.1573,0.9663
2023-05-05,383230.3,1870.2370,9.0418,0.9938
2023-05-06,379158.7,1890.3200,3.6010,0.9990
2023-05-07,375666.6,1907.8930,16.2097,0.9801
2023-05-08,372909.8,1921.9970,29.1328,0.9368
2023-05-09,370953.2,1932.1350,42.2233,0.8703
2023-05-10,369781.1,1938.2590,55.4153,0.7838
2023-05-11,369322.8,1940.6640,68.6529,0.6820
2023-05-12,369486.1,1939.8070,81.8916,0.5705
2023-05-13,370188.0,1936.1290,95.0964,0.4556
2023-05-14,371375.9,1929.9350,108.2394,0.3435
2023-05-15,373033.1,1921.3620,121.2941,0.2403
2023-05-16,375168.0,1910.4280,134.2312,0.1512
2023-05-17,377792.5,1897.1570,147.0143,0.0806
2023-05-18,380894.4,1881.7070,159.5926,0.0314
2023-05-19,384413.4,1864.4810,171.8226,0.0051
2023-05-20,388226.8,1846.1670,175.2067,0.0018
2023-05-21,392147.7,1827.7070,163.6807,0.0202
2023-05-22,395937.8,1810.2120,152.1077,0.0581
2023-05-23,399328.5,1794.8410,140.7490,0.1128
2023-05-24,402048.6,1782.6980,129.5953,0.1813
2023-05-25,403852.1,1774.7370,118.6020,0.2607
2023-05-26,404543.7,1771.7020,107.7067,0.3479
2023-05-27,404000.1,1774.0860,96.8353,0.4405
2023-05-28,402185.6,1782.0910,85.9068,0.5357
2023-05-29,399162.1,1795.5890,74.8379,0.6308
2023-05-30,395093.3,1814.0810,63.5487,0.7227
2023-05-31,390239.7,1836.6440,51.9697,0.8080
2023-06-01,384944.1,1861.9100,40.0510,0.8827
2023-06-02,379606.3,1888.0910,27.7776,0.9424
2023-06-03,374643.5,1913.1030,15.2235,0.9824
2023-06-04,370442.5,1934.7980,3.7470,0.9989
2023-06-05,367309.2,1951.3030,12.0154,0.9891
2023-06-06,365427.4,1961.3520,25.3109,0.9520
2023-06-07,364839.7,1964.5110,38.8571,0.8894
2023-06-08,365455.5,1961.2010,52.4200,0.8050
2023-06-09,367085.0,1952.4950,65.8880,0.7043
2023-06-10,369488.7,1939.7930,79.1904,0.5938
2023-06-11,372425.1,1924.4980,92.2857,0.4801
2023-06-12,375687.7,1907.7860,105.1547,0.3693
2023-06-13,379123.3,1890.4970,117.7920,0.2668
2023-06-14,382632.2,1873.1600,130.1973,0.1773
2023-06-15,386153.8,1856.0780,142.3664,0.1040
2023-06-16,389644.7,1839.4490,154.2753,0.0495
2023-06-17,393055.4,1823.4870,165.8050,0.0153
2023-06-18,396311.6,1808.5040,175.4304,0.0016
2023-06-19,399303.2,1794.9550,169.7064,0.0081
2023-06-20,401884.0,1783.4280,158.9294,0.0334
2023-06-21,403880.3,1774.6130,147.9959,0.0760
2023-06-22,405107.0,1769.2390,137.1113,0.1337
2023-06-23,405388.9,1768.0090,126.2726,0.2042
2023-06-24,404583.5,1771.5280,115.4344,0.2853
2023-06-25,402603.6,1780.2400,104.5330,0.3745
2023-06-26,399438.6,1794.3460,93.4939,0.4695
2023-06-27,395170.9,1813.7250,82.2381,0.5675
2023-06-28,389987.4,1837.8320,70.6882,0.6653
2023-06-29,384181.9,1865.6040,58.7774,0.7592
2023-06-30,378145.1,1895.3880,46.4617,0.8444
2023-07-01,372337.8,1924.9500,33.7400,0.9158
2023-07-02,367245.5,1951.6420,20.7093,0.9677
2023-07-03,363315.3,1972.7540,8.0722,0.9950
2023-07-04,360887.8,1986.0240,8.7050,0.9942
2023-07-05,360139.8,1990.1490,21.8339,0.9641
2023-07-06,361056.8,1985.0940,35.6095,0.9065
2023-07-07,363447.2,1972.0380,49.3411,0.8258
2023-07-08,366991.5,1952.9920,62.8497,0.7282
2023-07-09,371309.9,1930.2780,76.0503,0.6205
2023-07-10,376028.0,1906.0590,88.9087,0.5095
2023-07-11,380824.4,1882.0520,101.4258,0.4009
2023-07-12,385455.8,1859.4390,113.6230,0.2996
2023-07-13,389760.7,1838.9010,125.5307,0.2094
2023-07-14,393647.0,1820.7460,137.1774,0.1332
2023-07-15,397070.8,1805.0460,148.5755,0.0733
2023-07-16,400011.8,1791.7750,159.6840,0.0311
2023-07-17,402450.6,1780.9170,170.1378,0.0074
2023-07-18,404351.7,1772.5440,174.3995,0.0024
2023-07-19,405654.2,1766.8520,165.5911,0.0157
2023-07-20,406271.2,1764.1690,155.0802,0.0466
2023-07-21,406097.6,1764.9230,144.3704,0.0936
2023-07-22,405025.5,1769.5950,133.5800,0.1553
2023-07-23,402963.7,1778.6490,122.6963,0.2299
2023-07-24,399861.3,1792.4500,111.6716,0.3154
2023-07-25,395731.1,1811.1570,100.4420,0.4094
2023-07-26,390671.8,1834.6120,88.9364,0.5093
2023-07-27,384885.1,1862.1960,77.0841,0.6118
2023-07-28,378682.7,1892.6970,64.8248,0.7127
2023-07-29,372479.8,1924.2160,52.1225,0.8070
2023-07-30,366766.9,1954.1890,38.9849,0.8886
2023-07-31,362057.3,1979.6080,25.5036,0.9513
2023-08-01,358813.8,1997.5030,12.0790,0.9889
2023-08-02,357367.1,2005.5900,5.8395,0.9974
2023-08-03,357850.3,2002.8820,18.0741,0.9753
2023-08-04,360173.1,1989.9650,31.8765,0.9246
2023-08-05,364045.4,1968.7970,45.5850,0.8500
2023-08-06,369042.0,1942.1410,58.9692,0.7578
2023-08-07,374683.8,1912.8970,71.9473,0.6550
2023-08-08,380512.2,1883.5970,84.5031,0.5479
2023-08-09,386140.7,1856.1400,96.6605,0.4420
2023-08-10,391281.4,1831.7540,108.4661,0.3416
2023-08-11,395748.4,1811.0780,119.9764,0.2502
2023-08-12,399446.2,1794.3120,131.2470,0.1703
2023-08-13,402348.7,1781.3680,142.3235,0.1042
2023-08-14,404474.5,1772.0060,153.2276,0.0536
2023-08-15,405861.8,1765.9490,163.8995,0.0196
2023-08-16,406547.7,1762.9700,173.5731,0.0031
2023-08-17,406552.4,1762.9490,172.2284,0.0046
2023-08-18,405871.7,1765.9060,162.2088,0.0239
2023-08-19,404477.7,1771.9920,151.4978,0.0606
2023-08-20,402327.4,1781.4620,140.5822,0.1138
2023-08-21,399379.8,1794.6110,129.4984,0.1820
2023-08-22,395617.1,1811.6790,118.2182,0.2636
2023-08-23,391070.5,1832.7420,106.6926,0.3564
2023-08-24,385844.3,1857.5660,94.8637,0.4576
2023-08-25,380136.8,1885.4570,82.6738,0.5638
2023-08-26,374250.3,1915.1130,70.0754,0.6704
2023-08-27,368585.7,1944.5460,57.0449,0.7720
2023-08-28,363613.2,1971.1380,43.5985,0.8621
2023-08-29,359817.0,1991.9340,29.8147,0.9338
2023-08-30,357618.4,2004.1800,15.9038,0.9808
2023-08-31,357293.6,2006.0020,4.0026,0.9988
2023-09-01,358911.5,1996.9590,13.5561,0.9861
2023-09-02,362314.8,1978.2010,27.2480,0.9445
2023-09-03,367151.7,1952.1400,40.7749,0.8787
2023-09-04,372945.6,1921.8120,53.9083,0.7946
2023-09-05,379178.3,1890.2230,66.5891,0.6987
2023-09-06,385362.3,1859.8890,78.8227,0.5969
2023-09-07,391091.6,1832.6430,90.6524,0.4943
2023-09-08,396066.6,1809.6230,102.1430,0.3948
2023-09-09,400099.6,1791.3820,113.3682,0.3017
2023-09-10,403105.4,1778.0240,124.4016,0.2175
2023-09-11,405082.7,1769.3450,135.3108,0.1445
2023-09-12,406091.3,1764.9510,146.1513,0.0847
2023-09-13,406227.9,1764.3570,156.9585,0.0399
2023-09-14,405601.8,1767.0810,167.7006,0.0115
2023-09-15,404315.4,1772.7030,176.9870,0.0007
2023-09-16,402449.3,1780.9230,169.5424,0.0083
2023-09-17,400055.5,1791.5790,158.5652,0.0346
2023-09-18,397158.9,1804.6460,147.3061,0.0792
2023-09-19,393768.4,1820.1850,135.8433,0.1413
2023-09-20,389895.5,1838.2650,124.1646,0.2192
2023-09-21,385578.7,1858.8460,112.2389,0.3108
2023-09-22,380909.0,1881.6350,100.0284,0.4129
2023-09-23,376051.8,1905.9380,87.4962,0.5218
2023-09-24,371259.4,1930.5410,74.6150,0.6326
2023-09-25,366866.0,1953.6600,61.3788,0.7395
2023-09-26,363261.1,1973.0480,47.8143,0.8357
2023-09-27,360838.0,1986.2980,33.9903,0.9145
2023-09-28,359925.4,1991.3340,20.0258,0.9698
2023-09-29,360716.6,1986.9670,6.1786,0.9971
2023-09-30,363219.1,1973.2760,8.1163,0.9950
2023-10-01,367243.1,1951.6540,21.6098,0.9649
2023-10-02,372431.4,1924.4660,34.8112,0.9105
2023-10-03,378320.8,1894.5070,47.5872,0.8373
2023-10-04,384414.0,1864.4780,59.9153,0.7507
2023-10-05,390243.3,1836.6270,71.8197,0.6560
2023-10-06,395416.8,1812.5970,83.3554,0.5579
2023-10-07,399644.3,1793.4230,94.5962,0.4599
2023-10-08,402746.6,1779.6080,105.6242,0.3653
2023-10-09,404651.2,1771.2320,116.5224,0.2767
2023-10-10,405380.6,1768.0450,127.3692,0.1965
2023-10-11,405033.6,1769.5600,138.2346,0.1270
2023-10-12,403763.4,1775.1270,149.1772,0.0706
2023-10-13,401753.3,1784.0080,160.2429,0.0294
2023-10-14,399192.9,1795.4510,171.4627,0.0055
2023-10-15,396255.7,1808.7600,177.1076,0.0006
2023-10-16,393082.8,1823.3600,165.5323,0.0159
2023-10-17,389774.3,1838.8370,153.7470,0.0516
2023-10-18,386391.2,1854.9370,141.7629,0.1073
2023-10-19,382967.9,1871.5180,129.5772,0.1815
2023-10-20,379533.1,1888.4560,117.1841,0.2716
2023-10-21,376135.4,1905.5150,104.5751,0.3742
2023-10-22,372867.4,1922.2150,91.7421,0.4848
2023-10-23,369881.4,1937.7330,78.6839,0.5981
2023-10-24,367389.6,1950.8760,65.4129,0.7080
2023-10-25,365645.4,1960.1830,51.9638,0.8081
2023-10-26,364905.0,1964.1590,38.3981,0.8918
2023-10-27,365376.2,1961.6270,24.8051,0.9539
2023-10-28,367165.2,1952.0690,11.3018,0.9903
2023-10-29,370240.2,1935.8560,2.2765,0.9996
2023-10-30,374420.4,1914.2430,15.1611,0.9826
2023-10-31,379396.3,1889.1370,27.8498,0.9421
2023-11-01,384771.7,1862.7450,40.1561,0.8822
2023-11-02,390117.4,1837.2200,52.0739,0.8073
2023-11-03,395021.9,1814.4090,63.6340,0.7221
2023-11-04,399131.7,1795.7260,74.8932,0.6303
2023-11-05,402179.3,1782.1180,85.9248,0.5355
2023-11-06,403997.7,1774.0970,96.8120,0.4407
2023-11-07,404525.1,1771.7840,107.6406,0.3485
2023-11-08,403801.3,1774.9600,118.4938,0.2614
2023-11-09,401956.9,1783.1050,129.4471,0.1823
2023-11-10,399196.7,1795.4340,140.5638,0.1138
2023-11-11,395777.6,1810.9450,151.8877,0.0590
2023-11-12,391981.1,1828.4840,163.4258,0.0208
2023-11-13,388084.1,1846.8460,174.9115,0.0020
2023-11-14,384329.3,1864.8890,172.0784,0.0048
2023-11-15,380902.0,1881.6690,159.9143,0.0304
2023-11-16,377917.9,1896.5270,147.3867,0.0789
2023-11-17,375424.2,1909.1240,134.6617,0.1486
2023-11-18,373416.3,1919.3900,121.7937,0.2366
2023-11-19,371864.3,1927.4010,108.8193,0.3387
2023-11-20,370743.4,1933.2280,95.7667,0.4498
2023-11-21,370058.7,1936.8050,82.6591,0.5639
2023-11-22,369857.7,1937.8580,69.5215,0.6749
2023-11-23,370226.3,1935.9290,56.3860,0.7768
2023-11-24,371267.4,1930.4990,43.2981,0.8639
2023-11-25,373068.9,1921.1770,30.3233,0.9316
2023-11-26,375666.8,1907.8910,17.5759,0.9766
2023-11-27,379016.6,1891.0290,5.6677,0.9976
2023-11-28,382979.0,1871.4640,8.5131,0.9945
2023-11-29,387324.9,1850.4650,20.2249,0.9692
2023-11-30,391757.3,1829.5290,31.9258,0.9244
2023-12-01,395943.5,1810.1860,43.3797,0.8634
2023-12-02,399551.7,1793.8380,54.5839,0.7898
2023-12-03,402285.1,1781.6500,65.5811,0.7067
2023-12-04,403909.3,1774.4850,76.4361,0.6173
2023-12-05,404273.4,1772.8870,87.2262,0.5242
2023-12-06,403323.3,1777.0640,98.0354,0.4301
2023-12-07,401108.1,1786.8780,108.9483,0.3376
2023-12-08,397779.5,1801.8310,120.0442,0.2496
2023-12-09,393583.0,1821.0420,131.3900,0.1694
2023-12-10,388841.0,1843.2500,143.0295,0.1005
2023-12-11,383925.0,1866.8530,154.9597,0.0470
2023-12-12,379218.3,1890.0230,167.0091,0.0128
2023-12-13,375072.6,1910.9140,175.6944,0.0014
2023-12-14,371764.1,1927.9200,165.8536,0.0152
2023-12-15,369461.5,1939.9360,152.9637,0.0547
2023-12-16,368211.5,1946.5210,139.7527,0.1184
2023-12-17,367950.7,1947.9010,126.4596,0.2029
2023-12-18,368537.1,1944.8020,113.1904,0.3031
2023-12-19,369793.9,1938.1920,100.0108,0.4131
2023-12-20,371552.0,1929.0210,86.9615,0.5265
2023-12-21,373680.1,1918.0350,74.0662,0.6373
2023-12-22,376098.1,1905.7030,61.3403,0.7398
2023-12-23,378771.3,1892.2540,48.7994,0.8293
2023-12-24,381691.1,1877.7790,36.4693,0.9021
2023-12-25,384848.8,1862.3710,24.4095,0.9553
2023-12-26,388208.8,1846.2520,12.8483,0.9875
2023-12-27,391688.6,1829.8500,4.7818,0.9983
2023-12-28,395150.8,1813.8170,12.3868,0.9884
2023-12-29,398406.5,1798.9950,23.2631,0.9594
2023-12-30,401230.3,1786.3340,34.2350,0.9134
2023-12-31,403382.3,1776.8040,45.1131,0.8529
2024-01-01,404634.3,1771.3060,55.8978,0.7804
2024-01-02,404796.0,1770.5990,66.6352,0.6983
2024-01-03,403738.8,1775.2350,77.3915,0.6092
2024-01-04,401416.9,1785.5030,88.2446,0.5153
2024-01-05,397882.9,1801.3620,99.2774,0.4194
2024-01-06,393297.4,1822.3650,110.5715,0.3243
2024-01-07,387930.3,1847.5780,122.1983,0.2336
2024-01-08,382150.7,1875.5200,134.2077,0.1513
2024-01-09,376401.8,1904.1660,146.6075,0.0825
2024-01-10,371158.4,1931.0670,159.3050,0.0322
2024-01-11,366868.6,1953.6470,171.5865,0.0054
2024-01-12,363889.3,1969.6420,171.5061,0.0055
2024-01-13,362429.6,1977.5750,158.7525,0.0340
2024-01-14,362520.4,1977.0790,145.1638,0.0896
2024-01-15,364022.2,1968.9230,131.5357,0.1685
2024-01-16,366666.7,1954.7220,118.0628,0.2648
2024-01-17,370120.4,1936.4820,104.8406,0.3719
2024-01-18,374047.5,1916.1510,91.9136,0.4833
2024-01-19,378159.2,1895.3170,79.2917,0.5929
2024-01-20,382240.2,1875.0810,66.9640,0.6956
2024-01-21,386152.6,1856.0830,54.9099,0.7874
2024-01-22,389823.6,1838.6040,43.1106,0.8650
2024-01-23,393222.7,1822.7110,31.5618,0.9260
2024-01-24,396334.9,1808.3980,20.3097,0.9689
2024-01-25,399136.2,1795.7060,9.7109,0.9928
2024-01-26,401576.1,1784.7960,5.4888,0.9977
2024-01-27,403568.0,1775.9860,14.4961,0.9841
2024-01-28,404991.1,1769.7450,25.0298,0.9531
2024-01-29,405700.0,1766.6530,35.6944,0.9061
2024-01-30,405542.6,1767.3390,46.3854,0.8449
2024-01-31,404381.7,1772.4120,57.1203,0.7715
2024-02-01,402120.3,1782.3800,67.9504,0.6877
2024-02-02,398726.0,1797.5530,78.9442,0.5959
2024-02-03,394253.4,1817.9460,90.1787,0.4984
2024-02-04,388862.5,1843.1480,101.7332,0.3983
2024-02-05,382828.8,1872.1980,113.6799,0.2992
2024-02-06,376540.0,1903.4670,126.0720,0.2056
2024-02-07,370475.0,1934.6290,138.9273,0.1230
2024-02-08,365159.0,1962.7940,152.1993,0.0577
2024-02-09,361094.8,1984.8850,165.6637,0.0156
2024-02-10,358681.8,1998.2380,175.7356,0.0014
2024-02-11,358140.9,2001.2560,164.8261,0.0174
2024-02-12,359472.2,1993.8450,150.9745,0.0628
2024-02-13,362461.7,1977.4000,137.1369,0.1335
2024-02-14,366734.6,1954.3600,123.5771,0.2235
2024-02-15,371834.9,1927.5530,110.3974,0.3258
2024-02-16,377305.2,1899.6070,97.6318,0.4336
2024-02-17,382747.7,1872.5950,85.2702,0.5412
2024-02-18,387857.9,1847.9220,73.2750,0.6439
2024-02-19,392434.2,1826.3730,61.5951,0.7378
2024-02-20,396367.5,1808.2490,50.1768,0.8202
2024-02-21,399621.3,1793.5260,38.9722,0.8887
2024-02-22,402204.5,1782.0070,27.9480,0.9417
2024-02-23,404145.5,1773.4480,17.1122,0.9779
2024-02-24,405469.1,1767.6590,6.7847,0.9965
2024-02-25,406179.7,1764.5670,5.9626,0.9973
2024-02-26,406252.3,1764.2510,16.0855,0.9804
2024-02-27,405633.5,1766.9430,26.7493,0.9465
2024-02-28,404250.4,1772.9880,37.5354,0.8965
2024-02-29,402026.6,1782.7950,48.4339,0.8318
2024-03-01,398905.5,1796.7440,59.4840,0.7539
2024-03-02,394874.9,1815.0840,70.7426,0.6649
2024-03-03,389993.6,1837.8030,82.2766,0.5672
2024-03-04,384414.1,1864.4770,94.1554,0.4638
2024-03-05,378398.5,1894.1180,106.4429,0.3585
2024-03-06,372320.3,1925.0400,119.1856,0.2562
2024-03-07,366645.5,1954.8360,132.3983,0.1628
2024-03-08,361888.3,1980.5330,146.0475,0.0852
2024-03-09,358539.4,1999.0320,160.0301,0.0300
2024-03-10,356979.4,2007.7680,173.9846,0.0027
2024-03-11,357399.7,2005.4070,170.9709,0.0062
2024-03-12,359758.0,1992.2610,156.9508,0.0399
2024-03-13,363787.9,1970.1910,143.0853,0.1003
2024-03-14,369056.6,1942.0640,129.6019,0.1813
2024-03-15,375050.0,1911.0290,116.5773,0.2763
2024-03-16,381255.8,1879.9230,104.0256,0.3788
2024-03-17,387227.1,1850.9330,91.9174,0.4833
2024-03-18,392619.2,1825.5130,80.1961,0.5851
2024-03-19,397200.8,1804.4560,68.7917,0.6809
2024-03-20,400848.1,1788.0370,57.6302,0.7677
2024-03-21,403527.3,1776.1650,46.6413,0.8433
2024-03-22,405271.1,1768.5230,35.7626,0.9057
2024-03-23,406152.8,1764.6830,24.9418,0.9533
2024-03-24,406261.8,1764.2100,14.1404,0.9848
2024-03-25,405682.2,1766.7300,3.4042,0.9991
2024-03-26,404478.0,1771.9900,7.6874,0.9955
2024-03-27,402684.5,1779.8830,18.6315,0.9738
2024-03-28,400309.5,1790.4420,29.7132,0.9343
2024-03-29,397343.0,1803.8100,40.9439,0.8777
2024-03-30,393774.3,1820.1570,52.3587,0.8054
2024-03-31,389616.4,1839.5820,64.0016,0.7192
2024-04-01,384930.9,1861.9740,75.9220,0.6216
2024-04-02,379853.7,1886.8620,88.1706,0.5160
2024-04-03,374611.6,1913.2660,100.7914,0.4064
2024-04-04,369526.6,1939.5940,113.8116,0.2981
2024-04-05,364999.1,1963.6530,127.2292,0.1975
2024-04-06,361465.8,1982.8480,141.0017,0.1114
2024-04-07,359334.0,1994.6120,155.0390,0.0467
2024-04-08,358903.8,1997.0020,169.2061,0.0088
2024-04-09,360299.9,1989.2640,176.6285,0.0009
2024-04-10,363435.7,1972.1000,162.6931,0.0227
2024-04-11,368025.3,1947.5060,149.0751,0.0711
2024-04-12,373636.1,1918.2610,135.8815,0.1411
2024-04-13,379764.1,1887.3070,123.1567,0.2266
2024-04-14,385908.6,1857.2570,110.8973,0.3217
2024-04-15,391629.4,1830.1270,99.0627,0.4212
2024-04-16,396583.0,1807.2670,87.5881,0.5210
2024-04-17,400536.7,1789.4270,76.3954,0.6176
2024-04-18,403368.1,1776.8660,65.4030,0.7081
2024-04-19,405052.9,1769.4750,54.5319,0.7901
2024-04-20,405646.7,1766.8850,43.7105,0.8614
2024-04-21,405263.2,1768.5570,32.8783,0.9199
2024-04-22,404050.0,1773.8670,21.9899,0.9636
2024-04-23,402166.1,1782.1770,11.0371,0.9907
2024-04-24,399760.4,1792.9020,1.6930,0.9998
2024-04-25,396957.3,1805.5620,11.6792,0.9897
2024-04-26,393847.5,1819.8190,23.1091,0.9599
2024-04-27,390489.7,1835.4680,34.7697,0.9107
2024-04-28,386920.5,1852.4000,46.6473,0.8433
2024-04-29,383173.5,1870.5140,58.7545,0.7594
2024-04-30,379302.9,1889.6020,71.1101,0.6619
2024-05-01,375407.2,1909.2110,83.7339,0.5546
2024-05-02,371647.5,1928.5250,96.6400,0.4422
2024-05-03,368252.8,1946.3030,109.8282,0.3304
2024-05-04,365507.0,1960.9250,123.2750,0.2256
2024-05-05,363714.9,1970.5860,136.9241,0.1348
2024-05-06,363150.7,1973.6480,150.6786,0.0640
2024-05-07,363998.7,1969.0500,164.3707,0.0185
2024-05-08,366304.0,1956.6580,176.7260,0.0008
2024-05-09,369948.4,1937.3830,167.8780,0.0112
2024-05-10,374660.3,1913.0170,154.9197,0.0472
2024-05-11,380055.0,1885.8630,142.2400,0.1047
2024-05-12,385690.1,1858.3090,129.9538,0.1789
2024-05-13,391124.3,1832.4900,118.0637,0.2648
2024-05-14,395964.4,1810.0900,106.5303,0.3578
2024-05-15,399898.3,1792.2830,95.2901,0.4539
2024-05-16,402713.1,1779.7560,84.2660,0.5500
2024-05-17,404299.6,1772.7720,73.3758,0.6430
2024-05-18,404649.1,1771.2410,62.5385,0.7306
2024-05-19,403841.9,1774.7820,51.6797,0.8100
2024-05-20,402030.7,1782.7770,40.7373,0.8788
2024-05-21,399420.5,1794.4280,29.6707,0.9344
2024-05-22,396244.4,1808.8110,18.4924,0.9742
2024-05-23,392738.7,1824.9570,7.5713,0.9956
2024-05-24,389119.1,1841.9330,6.4786,0.9968
2024-05-25,385561.8,1858.9270,17.6772,0.9764
2024-05-26,382192.8,1875.3140,29.7509,0.9341
2024-05-27,379087.7,1890.6740,42.1301,0.8708
2024-05-28,376284.3,1904.7600,54.7318,0.7887
2024-05-29,373802.6,1917.4060,67.5217,0.6912
2024-05-30,371669.5,1928.4110,80.4777,0.5827
2024-05-31,369940.1,1937.4260,93.5797,0.4688
2024-06-01,368709.3,1943.8930,106.8029,0.3554
2024-06-02,368108.0,1947.0690,120.1104,0.2491
2024-06-03,368282.8,1946.1450,133.4459,0.1561
2024-06-04,369362.4,1940.4560,146.7246,0.0820
2024-06-05,371419.0,1929.7120,159.7948,0.0308
2024-06-06,374434.8,1914.1690,172.0104,0.0048
2024-06-07,378284.9,1894.6870,172.2970,0.0045
2024-06-08,382740.8,1872.6290,160.6765,0.0282
2024-06-09,387493.7,1849.6600,148.6799,0.0729
2024-06-10,392190.0,1827.5100,136.9091,0.1349
2024-06-11,396472.2,1807.7720,125.4190,0.2102
2024-06-12,400014.9,1791.7610,114.1851,0.2952
2024-06-13,402554.7,1780.4570,103.1523,0.3862
2024-06-14,403910.5,1774.4800,92.2492,0.4804
2024-06-15,403995.4,1774.1070,81.3965,0.5748
2024-06-16,402820.5,1779.2820,70.5134,0.6668
2024-06-17,400492.6,1789.6240,59.5235,0.7536
2024-06-18,397204.7,1804.4380,48.3615,0.8322
2024-06-19,393219.6,1822.7250,36.9833,0.8994
2024-06-20,388846.8,1843.2230,25.3910,0.9517
2024-06-21,384413.1,1864.4820,13.7641,0.9856
2024-06-22,380228.2,1885.0040,4.9339,0.9981
2024-06-23,376552.2,1903.4050,13.0928,0.9870
2024-06-24,373569.1,1918.6050,25.4878,0.9514
2024-06-25,371374.0,1929.9460,38.3756,0.8920
2024-06-26,369977.3,1937.2310,51.4604,0.8116
2024-06-27,369325.5,1940.6500,64.6359,0.7142
2024-06-28,369331.7,1940.6180,77.8370,0.6054
2024-06-29,369907.9,1937.5950,91.0175,0.4911
2024-06-30,370989.2,1931.9470,104.1418,0.3778
2024-07-01,372544.6,1923.8810,117.1781,0.2716
2024-07-02,374571.7,1913.4690,130.0908,0.1780
2024-07-03,377078.5,1900.7490,142.8317,0.1015
2024-07-04,380057.9,1885.8480,155.3146,0.0457
2024-07-05,383463.1,1869.1010,167.2549,0.0123
2024-07-06,387189.9,1851.1110,174.9683,0.0019
2024-07-07,391071.5,1832.7370,166.5758,0.0137
2024-07-08,394886.3,1815.0320,155.3349,0.0456
2024-07-09,398376.9,1799.1290,144.0549,0.0952
2024-07-10,401274.7,1786.1360,132.9197,0.1595
2024-07-11,403327.9,1777.0430,121.9307,0.2356
2024-07-12,404327.7,1772.6490,111.0439,0.3205
2024-07-13,404129.9,1773.5170,100.1949,0.4115
2024-07-14,402672.9,1779.9340,89.3080,0.5060
2024-07-15,399989.6,1791.8740,78.3031,0.6014
2024-07-16,396213.0,1808.9540,67.1017,0.6945
2024-07-17,391574.6,1830.3830,55.6338,0.7822
2024-07-18,386393.3,1854.9270,43.8481,0.8606
2024-07-19,381053.4,1880.9210,31.7299,0.9252
2024-07-20,375969.5,1906.3560,19.3583,0.9717
2024-07-21,371540.6,1929.0800,7.4862,0.9957
2024-07-22,368099.9,1947.1120,8.8338,0.9941
2024-07-23,365868.9,1958.9850,21.4767,0.9653
2024-07-24,364931.4,1964.0170,34.8704,0.9102
2024-07-25,365232.7,1962.3980,48.3838,0.8321
2024-07-26,366607.0,1955.0410,61.8496,0.7359
2024-07-27,368823.3,1943.2930,75.1759,0.6279
2024-07-28,371635.4,1928.5880,88.3093,0.5148
2024-07-29,374822.7,1912.1880,101.2233,0.4027
2024-07-30,378215.2,1895.0360,113.9088,0.2973
2024-07-31,381697.9,1877.7450,126.3646,0.2035
2024-08-01,385201.4,1860.6670,138.5888,0.1250
2024-08-02,388681.0,1844.0090,150.5659,0.0645
2024-08-03,392093.2,1827.9620,162.2244,0.0239
2024-08-04,395375.1,1812.7880,172.9904,0.0037
2024-08-05,398430.2,1798.8880,172.7964,0.0040
2024-08-06,401124.8,1786.8030,162.3579,0.0235
2024-08-07,403293.7,1777.1940,151.4353,0.0609
2024-08-08,404754.0,1770.7820,140.5336,0.1140
2024-08-09,405325.3,1768.2860,129.6818,0.1808
2024-08-10,404852.1,1770.3530,118.8443,0.2588
2024-08-11,403227.6,1777.4860,107.9623,0.3458
2024-08-12,400414.7,1789.9720,96.9639,0.4394
2024-08-13,396465.4,1807.8030,85.7705,0.5369
2024-08-14,391534.0,1830.5720,74.3024,0.6353
2024-08-15,385882.5,1857.3820,62.4868,0.7310
2024-08-16,379875.5,1886.7530,50.2677,0.8196
2024-08-17,373958.3,1916.6080,37.6200,0.8960
2024-08-18,368616.8,1944.3810,24.5732,0.9547
2024-08-19,364318.7,1967.3200,11.3269,0.9903
2024-08-20,361444.3,1982.9660,4.4529,0.9985
2024-08-21,360222.9,1989.6890,17.2811,0.9774
2024-08-22,360695.1,1987.0850,31.1374,0.9280
2024-08-23,362713.9,1976.0250,44.9602,0.8538
2024-08-24,365986.3,1958.3570,58.5725,0.7607
2024-08-25,370138.0,1936.3900,71.8841,0.6555
2024-08-26,374783.3,1912.3890,84.8551,0.5448
2024-08-27,379579.2,1888.2260,97.4821,0.4349
2024-08-28,384258.0,1865.2350,109.7862,0.3307
2024-08-29,388636.7,1844.2190,121.8011,0.2365
2024-08-30,392608.6,1825.5620,133.5641,0.1554
2024-08-31,396123.3,1809.3640,145.1091,0.0899
2024-09-01,399162.2,1795.5890,156.4584,0.0416
2024-09-02,401713.9,1784.1830,167.5932,0.0117
2024-09-03,403754.1,1775.1680,177.4851,0.0005
2024-09-04,405233.3,1768.6880,169.8308,0.0079
2024-09-05,406073.4,1765.0290,159.0369,0.0331
2024-09-06,406172.4,1764.5980,148.1982,0.0751
2024-09-07,405418.3,1767.8810,137.3443,0.1323
2024-09-08,403707.5,1775.3720,126.4388,0.2030
2024-09-09,400968.5,1787.5000,115.4261,0.2853
2024-09-10,397186.0,1804.5230,104.2392,0.3770
2024-09-11,392424.8,1826.4170,92.8037,0.4755
2024-09-12,386849.0,1852.7420,81.0439,0.5778
2024-09-13,380734.2,1882.4980,68.8899,0.6801
2024-09-14,374466.0,1914.0100,56.2891,0.7775
2024-09-15,368519.0,1944.8970,43.2187,0.8643
2024-09-16,363412.6,1972.2260,29.7002,0.9343
2024-09-17,359641.2,1992.9080,15.8126,0.9811
2024-09-18,357592.3,2004.3270,1.9064,0.9997
2024-09-19,357470.3,2005.0110,12.6655,0.9878
2024-09-20,359255.3,1995.0480,26.8134,0.9463
2024-09-21,362711.1,1976.0400,40.7369,0.8789
2024-09-22,367439.6,1950.6110,54.3080,0.7917
2024-09-23,372962.0,1921.7280,67.4588,0.6917
2024-09-24,378799.2,1892.1150,80.1719,0.5854
2024-09-25,384532.8,1863.9020,92.4689,0.4785
2024-09-26,389840.5,1838.5250,104.3969,0.3757
2024-09-27,394505.7,1816.7830,116.0158,0.2807
2024-09-28,398410.2,1798.9780,127.3885,0.1964
2024-09-29,401514.6,1785.0690,138.5745,0.1251
2024-09-30,403833.6,1774.8180,149.6259,0.0686
2024-10-01,405409.7,1767.9180,160.5864,0.0284
2024-10-02,406289.6,1764.0890,171.4903,0.0055
2024-10-03,406505.9,1763.1510,177.5998,0.0004
2024-10-04,406065.5,1765.0630,166.7295,0.0134
2024-10-05,404947.5,1769.9360,155.8114,0.0439
2024-10-06,403109.0,1778.0080,144.8270,0.0913
2024-10-07,400500.0,1789.5910,133.7377,0.1543
2024-10-08,397084.1,1804.9860,122.4959,0.2314
2024-10-09,392863.8,1824.3760,111.0456,0.3205
2024-10-10,387906.9,1847.6890,99.3247,0.4190
2024-10-11,382370.0,1874.4450,87.2699,0.5238
2024-10-12,376513.9,1903.5990,74.8245,0.6309
2024-10-13,370705.7,1933.4250,61.9496,0.7351
2024-10-14,365398.7,1961.5060,48.6379,0.8304
2024-10-15,361086.6,1984.9300,34.9277,0.9099
2024-10-16,358231.7,2000.7490,20.9164,0.9670
2024-10-17,357180.6,2006.6370,6.8327,0.9964
2024-10-18,358088.4,2001.5500,7.7572,0.9954
2024-10-19,360881.4,1986.0590,21.7068,0.9646
2024-10-20,365269.5,1962.2000,35.4279,0.9074
2024-10-21,370805.9,1932.9020,48.7427,0.8297
2024-10-22,376970.2,1901.2950,61.5925,0.7379
2024-10-23,383248.5,1870.1480,73.9746,0.6380
2024-10-24,389194.7,1841.5750,85.9261,0.5355
2024-10-25,394465.1,1816.9700,97.5090,0.4347
2024-10-26,398830.6,1797.0820,108.7976,0.3389
2024-10-27,402172.4,1782.1490,119.8685,0.2510
2024-10-28,404465.6,1772.0450,130.7936,0.1733
2024-10-29,405757.2,1766.4040,141.6346,0.1079
2024-10-30,406141.2,1764.7340,152.4369,0.0567
2024-10-31,405733.5,1766.5070,163.2095,0.0213
2024-11-01,404648.7,1771.2430,173.6996,0.0030
2024-11-02,402983.1,1778.5640,173.8984,0.0028
2024-11-03,400802.7,1788.2400,163.2372,0.0213
2024-11-04,398141.6,1800.1920,152.0814,0.0582
2024-11-05,395009.3,1814.4670,140.7156,0.1130
2024-11-06,391407.0,1831.1660,129.1486,0.1844
2024-11-07,387350.2,1850.3450,117.3563,0.2703
2024-11-08,382896.2,1871.8690,105.3037,0.3680
2024-11-09,378168.6,1895.2700,92.9530,0.4742
2024-11-10,373375.9,1919.5980,80.2718,0.5845
2024-11-11,368815.2,1943.3350,67.2444,0.6934
2024-11-12,364856.0,1964.4230,53.8839,0.7947
2024-11-13,361899.0,1980.4740,40.2467,0.8816
2024-11-14,360313.0,1989.1920,26.4517,0.9476
2024-11-15,360361.8,1988.9230,12.7873,0.9876
2024-11-16,362141.0,1979.1510,4.1806,0.9987
2024-11-17,365547.0,1960.7100,15.8519,0.9810
2024-11-18,370289.1,1935.6000,28.9837,0.9374
2024-11-19,375939.6,1906.5070,41.8309,0.8726
2024-11-20,382003.9,1876.2410,54.2618,0.7921
2024-11-21,387990.9,1847.2890,66.2650,0.7013
2024-11-22,393467.7,1821.5760,77.8780,0.6050
2024-11-23,398095.3,1800.4010,89.1651,0.5073
2024-11-24,401644.7,1784.4910,100.2047,0.4114
2024-11-25,403998.7,1774.0930,111.0788,0.3202
2024-11-26,405142.9,1769.0820,121.8664,0.2360
2024-11-27,405150.4,1769.0500,132.6367,0.1613
2024-11-28,404160.2,1773.3840,143.4422,0.0983
2024-11-29,402354.0,1781.3450,154.3022,0.0494
2024-11-30,399931.0,1792.1370,165.1244,0.0167
2024-12-01,397083.4,1804.9890,174.6063,0.0022
2024-12-02,393975.8,1819.2270,170.2044,0.0073
2024-12-03,390732.1,1834.3290,159.1401,0.0328
2024-12-04,387431.1,1849.9580,147.4381,0.0786
2024-12-05,384114.2,1865.9330,135.4445,0.1437
2024-12-06,380802.9,1882.1580,123.2188,0.2261
2024-12-07,377523.8,1898.5070,110.7754,0.3227
2024-12-08,374334.8,1914.6810,98.1158,0.4294
2024-12-09,371346.9,1930.0860,85.2406,0.5415
2024-12-10,368733.7,1943.7650,72.1590,0.6532
2024-12-11,366722.8,1954.4240,58.8994,0.7582
2024-12-12,365567.5,1960.6000,45.5191,0.8503
2024-12-13,365501.1,1960.9560,32.1197,0.9234
2024-12-14,366683.6,1954.6320,18.9058,0.9730
2024-12-15,369155.3,1941.5450,6.9494,0.9963
2024-12-16,372811.4,1922.5050,9.5915,0.9930
2024-12-17,377406.5,1899.0970,21.5981,0.9649
2024-12-18,382586.0,1873.3860,33.8179,0.9154
2024-12-19,387934.9,1847.5560,45.7620,0.8488
2024-12-20,393030.1,1823.6040,57.3742,0.7696
2024-12-21,397486.7,1803.1580,68.6781,0.6818
2024-12-22,400992.5,1787.3930,79.7311,0.5891
2024-12-23,403329.3,1777.0370,90.6080,0.4947
2024-12-24,404383.2,1772.4060,101.3910,0.4012
2024-12-25,404145.4,1773.4490,112.1633,0.3114
2024-12-26,402705.5,1779.7900,123.0018,0.2276
2024-12-27,400238.5,1790.7600,133.9711,0.1528
2024-12-28,396985.6,1805.4340,145.1128,0.0898
2024-12-29,393228.7,1822.6830,156.4169,0.0417
2024-12-30,389261.7,1841.2580,167.6536,0.0116
2024-12-31,385358.3,1859.9090,174.9908,0.0019
2025-01-01,381744.4,1877.5170,166.0904,0.0147
2025-01-02,378576.8,1893.2260,154.0203,0.0505
2025-01-03,375936.9,1906.5210,141.4855,0.1088
2025-01-04,373838.6,1917.2220,128.7305,0.1872
2025-01-05,372251.3,1925.3970,115.8390,0.2821
2025-01-06,371130.1,1931.2140,102.8587,0.3887
2025-01-07,370445.9,1934.7800,89.8221,0.5016
2025-01-08,370207.1,1936.0290,76.7563,0.6145
2025-01-09,370465.2,1934.6800,63.6904,0.7216
2025-01-10,371304.4,1930.3070,50.6633,0.8169
2025-01-11,372815.2,1922.4850,37.7320,0.8954
2025-01-12,375059.8,1910.9790,24.9920,0.9532
2025-01-13,378038.5,1895.9220,12.7137,0.9877
2025-01-14,381666.9,1877.8980,4.6217,0.9984
2025-01-15,385769.8,1857.9250,13.6182,0.9860
2025-01-16,390092.2,1837.3380,25.1537,0.9526
2025-01-17,394326.0,1817.6110,36.6289,0.9013
2025-01-18,398143.5,1800.1830,47.8904,0.8353
2025-01-19,401232.2,1786.3250,58.9425,0.7580
2025-01-20,403326.1,1777.0510,69.8327,0.6724
2025-01-21,404230.5,1773.0760,80.6292,0.5814
2025-01-22,403839.9,1774.7900,91.4116,0.4877
2025-01-23,402149.2,1782.2520,102.2641,0.3938
2025-01-24,399257.3,1795.1610,113.2698,0.3025
2025-01-25,395363.8,1812.8400,124.5040,0.2167
2025-01-26,390757.4,1834.2100,136.0265,0.1401
2025-01-27,385794.2,1857.8070,147.8682,0.0766
2025-01-28,380864.6,1881.8540,159.9969,0.0301
2025-01-29,376351.6,1904.4200,172.0111,0.0048
2025-01-30,372584.8,1923.6740,172.9291,0.0038
2025-01-31,369798.2,1938.1700,160.4988,0.0287
2025-02-01,368104.0,1947.0900,147.3157,0.0792
2025-02-02,367490.0,1950.3430,133.9799,0.1528
2025-02-03,367841.0,1948.4820,120.6354,0.2452
2025-02-04,368979.7,1942.4690,107.3656,0.3508
2025-02-05,370712.6,1933.3890,94.2225,0.4632
2025-02-06,372869.9,1922.2030,81.2357,0.5762
2025-02-07,375329.2,1909.6070,68.4203,0.6839
2025-02-08,378021.0,1896.0100,55.7845,0.7811
2025-02-09,380916.4,1881.5980,43.3371,0.8636
2025-02-10,384005.0,1866.4630,31.0941,0.9281
2025-02-11,387267.3,1850.7410,19.0957,0.9725
2025-02-12,390650.6,1834.7120,7.5686,0.9956
2025-02-13,394053.7,1818.8670,5.4575,0.9977
2025-02-14,397323.1,1803.9000,16.3390,0.9798
2025-02-15,400261.0,1790.6590,27.4686,0.9437
2025-02-16,402642.6,1780.0680,38.4772,0.8915
2025-02-17,404239.4,1773.0360,49.3644,0.8256
2025-02-18,404845.5,1770.3820,60.1737,0.7487
2025-02-19,404302.7,1772.7590,70.9685,0.6631
2025-02-20,402523.0,1780.5970,81.8241,0.5711
2025-02-21,399508.1,1794.0340,92.8234,0.4754
2025-02-22,395362.6,1812.8450,104.0514,0.3786
2025-02-23,390300.7,1836.3570,115.5887,0.2840
2025-02-24,384642.9,1863.3680,127.5041,0.1956
2025-02-25,378799.6,1892.1120,139.8432,0.1178
2025-02-26,373237.2,1920.3110,152.6171,0.0560
2025-02-27,368427.4,1945.3810,165.7790,0.0153
2025-02-28,364783.7,1964.8130,178.2946,0.0002
2025-03-01,362597.0,1976.6620,166.6909,0.0134
2025-03-02,361989.9,1979.9770,152.8483,0.0551
2025-03-03,362903.5,1974.9930,139.0084,0.1226
2025-03-04,365123.1,1962.9860,125.3184,0.2110
2025-03-05,368333.7,1945.8760,111.8728,0.3137
2025-03-06,372186.2,1925.7340,98.7252,0.4242
2025-03-07,376355.9,1904.3980,85.8938,0.5358
2025-03-08,380580.6,1883.2580,73.3710,0.6431
2025-03-09,384677.0,1863.2030,61.1334,0.7414
2025-03-10,388535.5,1844.7000,49.1512,0.8270
2025-03-11,392102.9,1827.9160,37.3948,0.8972
2025-03-12,395356.7,1812.8730,25.8381,0.9500
2025-03-13,398279.5,1799.5680,14.4601,0.9841
2025-03-14,400838.1,1788.0820,3.2513,0.9992
2025-03-15,402968.8,1778.6270,7.8512,0.9953
2025-03-16,404573.9,1771.5710,18.8099,0.9733
2025-03-17,405526.5,1767.4090,29.6818,0.9344
2025-03-18,405684.0,1766.7230,40.5021,0.8802
2025-03-19,404907.4,1770.1110,51.3190,0.8125
2025-03-20,403084.9,1778.1150,62.1917,0.7333
2025-03-21,400155.9,1791.1300,73.1898,0.6446
2025-03-22,396135.2,1809.3090,84.3905,0.5489
2025-03-23,391133.4,1832.4470,95.8749,0.4488
2025-03-24,385370.7,1859.8490,107.7210,0.3478
2025-03-25,379181.7,1890.2060,119.9950,0.2500
2025-03-26,373002.3,1921.5200,132.7392,0.1606
2025-03-27,367337.4,1951.1540,145.9584,0.0857
2025-03-28,362702.7,1976.0860,159.6061,0.0313
2025-03-29,359548.8,1993.4200,173.5444,0.0032
2025-03-30,358181.6,2001.0290,172.1005,0.0048
2025-03-31,358702.6,1998.1230,157.9216,0.0367
2025-04-01,360992.7,1985.4460,143.8458,0.0963
2025-04-02,364745.3,1965.0190,130.0438,0.1783
2025-04-03,369535.4,1939.5480,116.6141,0.2760
2025-04-04,374901.0,1911.7890,103.6025,0.3824
2025-04-05,380413.5,1884.0850,91.0112,0.4912
2025-04-06,385723.4,1858.1490,78.8106,0.5970
2025-04-07,390580.3,1835.0420,66.9525,0.6957
2025-04-08,394831.4,1815.2840,55.3817,0.7840
2025-04-09,398405.3,1799.0000,44.0440,0.8594
2025-04-10,401288.6,1786.0740,32.8926,0.9198
2025-04-11,403499.5,1776.2880,21.8955,0.9639
2025-04-12,405063.9,1769.4270,11.0744,0.9907
2025-04-13,405996.1,1765.3650,2.2825,0.9996
2025-04-14,406286.2,1764.1040,11.1116,0.9906
2025-04-15,405897.0,1765.7960,21.8259,0.9642
2025-04-16,404768.8,1770.7180,32.6463,0.9210
2025-04-17,402832.3,1779.2300,43.5563,0.8624
2025-04-18,400028.0,1791.7030,54.5938,0.7897
2025-04-19,396329.9,1808.4210,65.8134,0.7049
2025-04-20,391770.8,1829.4660,77.2788,0.6101
2025-04-21,386466.5,1854.5760,89.0583,0.5082
2025-04-22,380634.0,1882.9940,101.2171,0.4027
2025-04-23,374599.6,1913.3270,113.8074,0.2981
2025-04-24,368789.1,1943.4730,126.8546,0.2001
2025-04-25,363694.0,1970.7000,140.3406,0.1150
2025-04-26,359811.9,1991.9620,154.1795,0.0499
2025-04-27,357566.2,2004.4730,168.1073,0.0107
2025-04-28,357222.7,2006.4010,175.5242,0.0015
2025-04-29,358831.3,1997.4060,162.4835,0.0232
2025-04-30,362213.8,1978.7530,148.5947,0.0733
2025-05-01,367002.4,1952.9340,134.9760,0.1466
2025-05-02,372715.4,1923.0000,121.7756,0.2367
2025-05-03,378840.7,1891.9070,109.0389,0.3369
2025-05-04,384907.7,1862.0870,96.7564,0.4412
2025-05-05,390532.4,1835.2670,84.8841,0.5446
2025-05-06,395439.5,1812.4930,73.3593,0.6432
2025-05-07,399462.0,1794.2410,62.1119,0.7339
2025-05-08,402528.6,1780.5720,51.0742,0.8141
2025-05-09,404642.7,1771.2690,40.1878,0.8819
2025-05-10,405858.3,1765.9640,29.4133,0.9355
2025-05-11,406255.6,1764.2370,18.7617,0.9734
2025-05-12,405918.6,1765.7020,8.5530,0.9944
2025-05-13,404918.6,1770.0620,5.4350,0.9978
2025-05-14,403303.1,1777.1530,14.9968,0.9830
2025-05-15,401093.5,1786.9430,25.7989,0.9502
2025-05-16,398291.2,1799.5160,36.8878,0.8999
2025-05-17,394891.4,1815.0080,48.1951,0.8333
2025-05-18,390904.2,1833.5210,59.7360,0.7520
2025-05-19,386378.6,1854.9980,71.5473,0.6583
2025-05-20,381427.2,1879.0780,83.6731,0.5551
2025-05-21,376246.0,1904.9550,96.1549,0.4464
2025-05-22,371122.8,1931.2520,109.0210,0.3370
2025-05-23,366428.1,1955.9950,122.2725,0.2330
2025-05-24,362582.8,1976.7390,135.8681,0.1411
2025-05-25,360000.9,1990.9160,149.6996,0.0683
2025-05-26,359016.8,1996.3740,163.4982,0.0206
2025-05-27,359812.9,1991.9570,174.9437,0.0019
2025-05-28,362373.6,1977.8810,166.7379,0.0133
2025-05-29,366479.7,1955.7200,153.4681,0.0527
2025-05-30,371748.8,1928.0000,140.2809,0.1154
2025-05-31,377702.0,1897.6110,127.4743,0.1958
2025-06-01,383839.4,1867.2690,115.1062,0.2879
2025-06-02,389702.8,1839.1740,103.1635,0.3861
2025-06-03,394917.7,1814.8880,91.5965,0.4861
2025-06-04,399214.6,1795.3530,80.3363,0.5839
2025-06-05,402433.3,1780.9940,69.3060,0.6767
2025-06-06,404514.4,1771.8310,58.4300,0.7617
2025-06-07,405484.1,1767.5940,47.6405,0.8369
2025-06-08,405433.2,1767.8160,36.8853,0.8999
2025-06-09,404495.2,1771.9150,26.1448,0.9488
2025-06-10,402823.1,1779.2700,15.5118,0.9818
2025-06-11,400568.4,1789.2850,6.1361,0.9971
2025-06-12,397864.3,1801.4460,9.1429,0.9937
2025-06-13,394814.9,1815.3600,19.7371,0.9706
2025-06-14,391493.0,1830.7640,31.1186,0.9281
2025-06-15,387946.9,1847.4990,42.8315,0.8667
2025-06-16,384215.7,1865.4400,54.8131,0.7881
2025-06-17,380351.0,1884.3950,67.0584,0.6949
2025-06-18,376440.1,1903.9720,79.5770,0.5905
2025-06-19,372625.9,1923.4620,92.3788,0.4792
2025-06-20,369116.3,1941.7500,105.4636,0.3667
2025-06-21,366177.4,1957.3340,118.8100,0.2590
2025-06-22,364106.4,1968.4680,132.3642,0.1631
2025-06-23,363185.7,1973.4580,146.0251,0.0853
2025-06-24,363626.3,1971.0670,159.5945,0.0314
2025-06-25,365514.5,1960.8840,172.1950,0.0046
2025-06-26,368780.6,1943.5180,171.0636,0.0061
2025-06-27,373198.0,1920.5130,158.7256,0.0341
2025-06-28,378414.3,1894.0390,146.0907,0.0851
2025-06-29,384003.3,1866.4720,133.7505,0.1543
2025-06-30,389522.6,1840.0250,121.7804,0.2367
2025-07-01,394563.8,1816.5150,110.1672,0.3276
2025-07-02,398790.3,1797.2630,98.8600,0.4230
2025-07-03,401958.5,1783.0970,87.7888,0.5193
2025-07-04,403927.2,1774.4070,76.8744,0.6135
2025-07-05,404656.4,1771.2090,66.0369,0.7031
2025-07-06,404198.1,1773.2180,55.2007,0.7853
2025-07-07,402682.4,1779.8920,44.3015,0.8578
2025-07-08,400298.1,1790.4930,33.2943,0.9179
2025-07-09,397270.3,1804.1400,22.1791,0.9630
2025-07-10,393835.7,1819.8740,11.1647,0.9905
2025-07-11,390218.4,1836.7440,4.6599,0.9983
2025-07-12,386609.2,1853.8910,14.1290,0.9849
2025-07-13,383152.1,1870.6190,25.9811,0.9495
2025-07-14,379940.1,1886.4330,38.2568,0.8926
2025-07-15,377023.6,1901.0260,50.7896,0.8161
2025-07-16,374428.2,1914.2030,63.5281,0.7229
2025-07-17,372178.1,1925.7760,76.4443,0.6172
2025-07-18,370319.2,1935.4430,89.5166,0.5042
2025-07-19,368933.8,1942.7100,102.7214,0.3899
2025-07-20,368142.3,1946.8870,116.0261,0.2806
2025-07-21,368087.8,1947.1760,129.3824,0.1827
2025-07-22,368906.4,1942.8550,142.7197,0.1021
2025-07-23,370689.3,1933.5100,155.9308,0.0435
2025-07-24,373447.0,1919.2320,168.7448,0.0096
2025-07-25,377086.2,1900.7100,175.5810,0.0015
2025-07-26,381407.4,1879.1760,164.5658,0.0180
2025-07-27,386122.0,1856.2300,152.4610,0.0567
2025-07-28,390885.6,1833.6090,140.5720,0.1138
2025-07-29,395337.5,1812.9610,128.9751,0.1855
2025-07-30,399138.6,1795.6950,117.6518,0.2680
2025-07-31,402004.1,1782.8950,106.5505,0.3576
2025-08-01,403726.0,1775.2910,95.6015,0.4512
2025-08-02,404187.8,1773.2630,84.7255,0.5460
2025-08-03,403371.2,1776.8520,73.8397,0.6392
2025-08-04,401355.3,1785.7770,62.8633,0.7280
2025-08-05,398309.5,1799.4330,51.7226,0.8097
2025-08-06,394479.4,1816.9040,40.3572,0.8810
2025-08-07,390165.7,1836.9920,28.7288,0.9384
2025-08-08,385695.9,1858.2810,16.8475,0.9785
2025-08-09,381391.2,1879.2550,5.1205,0.9980
2025-08-10,377531.9,1898.4660,8.6661,0.9943
2025-08-11,374327.9,1914.7160,21.2309,0.9661
2025-08-12,371901.0,1927.2110,34.1863,0.9136
2025-08-13,370283.5,1935.6290,47.3120,0.8390
2025-08-14,369435.4,1940.0730,60.5252,0.7460
2025-08-15,369272.6,1940.9280,73.7680,0.6398
2025-08-16,369701.4,1938.6770,86.9969,0.5262
2025-08-17,370645.9,1933.7370,100.1788,0.4116
2025-08-18,372064.2,1926.3650,113.2867,0.3023
2025-08-19,373947.7,1916.6620,126.2938,0.2040
2025-08-20,376306.2,1904.6500,139.1703,0.1216
2025-08-21,379143.2,1890.3980,151.8794,0.0590
2025-08-22,382429.3,1874.1540,164.3705,0.0185
2025-08-23,386081.4,1856.4260,176.3739,0.0010
2025-08-24,389952.4,1837.9970,171.0489,0.0061
2025-08-25,393835.3,1819.8760,159.3493,0.0321
2025-08-26,397478.8,1803.1940,147.8484,0.0767
2025-08-27,400611.6,1789.0920,136.5721,0.1369
2025-08-28,402970.2,1778.6210,125.4873,0.2098
2025-08-29,404325.6,1772.6580,114.5397,0.2924
2025-08-30,404508.5,1771.8570,103.6607,0.3819
2025-08-31,403427.8,1776.6030,92.7721,0.4758
2025-09-01,401085.2,1786.9800,81.7903,0.5714
2025-09-02,397583.2,1802.7200,70.6312,0.6658
2025-09-03,393126.1,1823.1590,59.2159,0.7559
2025-09-04,388012.4,1847.1870,47.4773,0.8379
2025-09-05,382615.6,1873.2410,35.3678,0.9077
2025-09-06,377353.1,1899.3650,22.8674,0.9607
2025-09-07,372641.8,1923.3800,9.9908,0.9924
2025-09-08,368846.5,1943.1700,3.2312,0.9992
2025-09-09,366230.8,1957.0490,16.6755,0.9790
2025-09-10,364921.4,1964.0710,30.2713,0.9318
2025-09-11,364900.0,1964.1870,43.9016,0.8603
2025-09-12,366023.0,1958.1600,57.4666,0.7689
2025-09-13,368065.3,1947.2950,70.8879,0.6637
2025-09-14,370771.8,1933.0800,84.1141,0.5513
2025-09-15,373904.7,1916.8830,97.1185,0.4380
2025-09-16,377274.0,1899.7640,109.8932,0.3299
2025-09-17,380748.6,1882.4270,122.4416,0.2318
2025-09-18,384250.1,1865.2730,134.7712,0.1478
2025-09-19,387733.8,1848.5140,146.8886,0.0812
2025-09-20,391164.1,1832.3030,158.7963,0.0338
2025-09-21,394491.5,1816.8480,170.4822,0.0069
2025-09-22,397635.0,1802.4850,177.7287,0.0004
2025-09-23,400474.2,1789.7060,166.5883,0.0136
2025-09-24,402852.1,1779.1420,155.4504,0.0452
2025-09-25,404586.5,1771.5150,144.4480,0.0932
2025-09-26,405489.3,1767.5710,133.5488,0.1555
2025-09-27,405388.8,1768.0090,122.7027,0.2299
2025-09-28,404154.0,1773.4110,111.8462,0.3140
2025-09-29,401717.6,1784.1670,100.9054,0.4054
2025-09-30,398096.7,1800.3950,89.7997,0.5017
2025-10-01,393409.0,1821.8480,78.4457,0.6001
2025-10-02,387882.2,1847.8070,66.7640,0.6972
2025-10-03,381852.7,1876.9840,54.6879,0.7890
2025-10-04,375750.7,1907.4660,42.1752,0.8705
2025-10-05,370065.2,1936.7710,29.2224,0.9363
2025-10-06,365290.3,1962.0880,15.8972,0.9809
2025-10-07,361855.4,1980.7130,3.0253,0.9993
2025-10-08,360054.6,1990.6200,12.1746,0.9888
2025-10-09,359995.9,1990.9440,26.0812,0.9491
2025-10-10,361588.1,1982.1770,39.9847,0.8831
2025-10-11,364570.3,1965.9630,53.6947,0.7961
2025-10-12,368574.4,1944.6050,67.1096,0.6945
2025-10-13,373198.2,1920.5120,80.1782,0.5853
2025-10-14,378068.4,1895.7720,92.8887,0.4748
2025-10-15,382882.7,1871.9350,105.2579,0.3684
2025-10-16,387426.3,1849.9810,117.3185,0.2705
2025-10-17,391569.2,1830.4080,129.1084,0.1846
2025-10-18,395248.3,1813.3700,140.6624,0.1133
2025-10-19,398442.6,1798.8320,152.0020,0.0585
2025-10-20,401147.5,1786.7020,163.1067,0.0216
2025-10-21,403351.4,1776.9400,173.5998,0.0031
2025-10-22,405020.0,1769.6190,173.5221,0.0032
2025-10-23,406088.1,1764.9650,163.2119,0.0213
2025-10-24,406462.1,1763.3410,152.4968,0.0565
2025-10-25,406030.0,1765.2170,141.7301,0.1075
2025-10-26,404679.1,1771.1100,130.9163,0.1725
2025-10-27,402318.4,1781.5030,120.0138,0.2499
2025-10-28,398903.2,1796.7550,108.9623,0.3375
2025-10-29,394460.6,1816.9910,97.6910,0.4331
2025-10-30,389111.9,1841.9670,86.1242,0.5338
2025-10-31,383088.4,1870.9300,74.1891,0.6362
2025-11-01,376737.3,1902.4700,61.8260,0.7361
2025-11-02,370509.5,1934.4490,49.0037,0.8280
2025-11-03,364924.4,1964.0550,35.7394,0.9058
2025-11-04,360508.7,1988.1120,22.1425,0.9631
2025-11-05,357714.2,2003.6440,8.7560,0.9942
2025-11-06,356833.4,2008.5890,7.8048,0.9954
2025-11-07,357939.3,2002.3840,21.1978,0.9662
2025-11-08,360871.1,1986.1160,35.0503,0.9093
2025-11-09,365274.4,1962.1730,48.6736,0.8302
2025-11-10,370677.3,1933.5730,61.9140,0.7354
2025-11-11,376577.1,1903.2790,74.7186,0.6318
2025-11-12,382513.2,1873.7430,87.0897,0.5254
2025-11-13,388113.2,1846.7070,99.0643,0.4212
2025-11-14,393113.1,1823.2190,110.6978,0.3233
2025-11-15,397355.6,1803.7530,122.0514,0.2346
2025-11-16,400774.5,1788.3650,133.1823,0.1578
2025-11-17,403370.5,1776.8560,144.1338,0.0948
2025-11-18,405184.8,1768.8990,154.9180,0.0471
2025-11-19,406273.1,1764.1610,165.4311,0.0161
2025-11-20,406684.2,1762.3780,174.3844,0.0024
2025-11-21,406444.1,1763.4190,170.7571,0.0065
2025-11-22,405549.6,1767.3080,160.6402,0.0283
2025-11-23,403969.8,1774.2200,149.9503,0.0672
2025-11-24,401656.9,1784.4360,139.0568,0.1223
2025-11-25,398564.7,1798.2810,127.9890,0.1923
2025-11-26,394672.8,1816.0140,116.7179,0.2752
2025-11-27,390012.9,1837.7120,105.1942,0.3690
2025-11-28,384695.8,1863.1120,93.3598,0.4707
2025-11-29,378931.4,1891.4540,81.1578,0.5768
2025-11-30,373038.6,1921.3330,68.5437,0.6829
2025-12-01,367436.9,1950.6250,55.5002,0.7832
2025-12-02,362612.4,1976.5780,42.0572,0.8712
2025-12-03,359056.9,1996.1510,28.3234,0.9401
2025-12-04,357185.4,2006.6100,14.6302,0.9838
2025-12-05,357250.9,2006.2420,5.0048,0.9981
2025-12-06,359285.6,1994.8800,15.4089,0.9820
2025-12-07,363089.0,1973.9830,28.8781,0.9378
2025-12-08,368268.9,1946.2180,42.2175,0.8703
2025-12-09,374318.4,1914.7640,55.1639,0.7856
2025-12-10,380701.7,1882.6590,67.6553,0.6901
2025-12-11,386926.7,1852.3700,79.7014,0.5894
2025-12-12,392592.6,1825.6360,91.3507,0.4882
2025-12-13,397412.4,1803.4950,102.6721,0.3903
2025-12-14,401215.5,1786.4000,113.7414,0.2987
2025-12-15,403936.2,1774.3670,124.6326,0.2158
2025-12-16,405594.5,1767.1120,135.4100,0.1439
2025-12-17,406271.8,1764.1670,146.1193,0.0849
2025-12-18,406085.1,1764.9770,156.7665,0.0405
2025-12-19,405163.0,1768.9950,167.1944,0.0124
2025-12-20,403623.6,1775.7410,175.1027,0.0018
2025-12-21,401559.4,1784.8700,168.7798,0.0096
2025-12-22,399029.2,1796.1870,158.1411,0.0360
2025-12-23,396060.3,1809.6520,146.9889,0.0807
2025-12-24,392659.1,1825.3270,135.5717,0.1430
2025-12-25,388831.8,1843.2940,123.9163,0.2210
2025-12-26,384609.1,1863.5320,112.0070,0.3127
2025-12-27,380073.8,1885.7690,99.8142,0.4148
2025-12-28,375384.1,1909.3290,87.3067,0.5235
2025-12-29,370785.5,1933.0090,74.4627,0.6339
2025-12-30,366606.6,1955.0430,61.2819,0.7402
2025-12-31,363231.1,1973.2110,47.7999,0.8358
2026-01-01,361045.1,1985.1580,34.1040,0.9140
2026-01-02,360367.7,1988.8900,20.3743,0.9687
2026-01-03,361380.4,1983.3160,7.3689,0.9959
2026-01-04,364078.2,1968.6200,8.8542,0.9940
2026-01-05,368259.1,1946.2700,21.6638,0.9647
2026-01-06,373556.2,1918.6710,34.5980,0.9116
2026-01-07,379499.8,1888.6220,47.1794,0.8399
2026-01-08,385588.8,1858.7970,59.3404,0.7550
2026-01-09,391354.8,1831.4110,71.0947,0.6620
2026-01-10,396406.7,1808.0700,82.4948,0.5653
2026-01-11,400457.5,1789.7810,93.6140,0.4685
2026-01-12,403332.8,1777.0220,104.5349,0.3745
2026-01-13,404967.8,1769.8470,115.3409,0.2860
2026-01-14,405395.4,1767.9800,126.1101,0.2053
2026-01-15,404728.2,1770.8950,136.9100,0.1348
2026-01-16,403136.6,1777.8870,147.7911,0.0769
2026-01-17,400823.8,1788.1450,158.7705,0.0339
2026-01-18,398000.7,1800.8290,169.7219,0.0080
2026-01-19,394861.4,1815.1460,176.2119,0.0011
2026-01-20,391565.0,1830.4270,166.1955,0.0145
2026-01-21,388224.3,1846.1780,154.5328,0.0486
2026-01-22,384906.0,1862.0950,142.5483,0.1031
2026-01-23,381642.2,1878.0190,130.3327,0.1764
2026-01-24,378451.8,1893.8510,117.9071,0.2660
2026-01-25,375367.0,1909.4150,105.2764,0.3683
2026-01-26,372459.0,1924.3230,92.4412,0.4787
2026-01-27,369854.9,1937.8720,79.4057,0.5919
2026-01-28,367740.7,1949.0130,66.1855,0.7019
2026-01-29,366344.1,1956.4440,52.8162,0.8022
2026-01-30,365898.6,1958.8260,39.3594,0.8866
2026-01-31,366594.3,1955.1080,25.9075,0.9497
2026-02-01,368528.3,1944.8480,12.6142,0.9879
2026-02-02,371667.5,1928.4210,2.4185,0.9996
2026-02-03,375838.0,1907.0220,13.9269,0.9853
2026-02-04,380741.9,1882.4600,26.4254,0.9478
2026-02-05,385996.9,1856.8320,38.6039,0.8908
2026-02-06,391186.0,1832.2010,50.4211,0.8186
2026-02-07,395906.9,1810.3530,61.9006,0.7355
2026-02-08,399812.0,1792.6700,73.0962,0.6454
2026-02-09,402636.1,1780.0970,84.0802,0.5516
2026-02-10,404212.7,1773.1540,94.9354,0.4570
2026-02-11,404480.4,1771.9800,105.7484,0.3643
2026-02-12,403480.8,1776.3700,116.6038,0.2761
2026-02-13,401349.4,1785.8040,127.5799,0.1950
2026-02-14,398300.2,1799.4750,138.7437,0.1241
2026-02-15,394604.4,1816.3290,150.1464,0.0663
2026-02-16,390562.4,1835.1260,161.8180,0.0249
2026-02-17,386473.0,1854.5450,173.7405,0.0030
2026-02-18,382601.1,1873.3120,173.8741,0.0029
2026-02-19,379151.4,1890.3570,161.4241,0.0261
2026-02-20,376251.9,1904.9250,148.7249,0.0727
2026-02-21,373952.7,1916.6370,135.8557,0.1412
2026-02-22,372241.7,1925.4470,122.8657,0.2287
2026-02-23,371071.2,1931.5200,109.7955,0.3307
2026-02-24,370390.2,1935.0720,96.6774,0.4419
2026-02-25,370172.0,1936.2120,83.5375,0.5563
2026-02-26,370429.7,1934.8660,70.3998,0.6677
2026-02-27,371215.1,1930.7720,57.2918,0.7702
2026-02-28,372601.3,1923.5890,44.2483,0.8581
2026-03-01,374653.1,1913.0540,31.3132,0.9271
2026-03-02,377393.8,1899.1610,18.5372,0.9740
2026-03-03,380776.9,1882.2870,5.9767,0.9973
2026-03-04,384672.0,1863.2280,6.3581,0.9969
2026-03-05,388866.6,1843.1290,18.3815,0.9745
2026-03-06,393084.6,1823.3510,30.1158,0.9325
2026-03-07,397015.1,1805.3000,41.5684,0.8741
2026-03-08,400345.4,1790.2820,52.7723,0.8025
2026-03-09,402793.2,1779.4020,63.7799,0.7209
2026-03-10,404134.5,1773.4970,74.6592,0.6323
2026-03-11,404224.3,1773.1030,85.4887,0.5393
2026-03-12,403011.3,1778.4400,96.3530,0.4447
2026-03-13,400546.0,1789.3860,107.3380,0.3510
2026-03-14,396981.5,1805.4520,118.5260,0.2612
2026-03-15,392566.9,1825.7560,129.9886,0.1787
2026-03-16,387630.9,1849.0050,141.7806,0.1072
2026-03-17,382554.9,1873.5390,153.9297,0.0509
2026-03-18,377735.3,1897.4440,166.4134,0.0140
2026-03-19,373538.2,1918.7640,178.1510,0.0003
2026-03-20,370253.6,1935.7860,167.3089,0.0122
2026-03-21,368058.7,1947.3300,154.0093,0.0506
2026-03-22,367002.7,1952.9330,140.5633,0.1139
2026-03-23,367015.8,1952.8630,127.0961,0.1984
2026-03-24,367942.2,1947.9460,113.6931,0.2991
2026-03-25,369584.5,1939.2900,100.4152,0.4096
2026-03-26,371749.0,1927.9990,87.3006,0.5235
2026-03-27,374277.5,1914.9740,74.3697,0.6347
2026-03-28,377062.6,1900.8290,61.6324,0.7375
2026-03-29,380044.3,1885.9160,49.0946,0.8274
2026-03-30,383192.8,1870.4200,36.7656,0.9005
2026-03-31,386484.1,1854.4910,24.6668,0.9544
2026-04-01,389875.3,1838.3600,12.8788,0.9874
2026-04-02,393285.2,1822.4210,2.9795,0.9993
2026-04-03,396585.6,1807.2550,11.0587,0.9907
2026-04-04,399603.4,1793.6070,22.1712,0.9630
2026-04-05,402133.0,1782.3240,33.2264,0.9183
2026-04-06,403956.3,1774.2790,44.1609,0.8587
2026-04-07,404866.1,1770.2920,55.0043,0.7868
2026-04-08,404691.1,1771.0570,65.8120,0.7049
2026-04-09,403319.1,1777.0820,76.6535,0.6154
2026-04-10,400717.4,1788.6200,87.6074,0.5209
2026-04-11,396948.9,1805.6010,98.7566,0.4239
2026-04-12,392181.9,1827.5480,110.1820,0.3275
2026-04-13,386692.1,1853.4940,121.9549,0.2354
2026-04-14,380852.3,1881.9140,134.1262,0.1519
2026-04-15,375107.0,1910.7390,146.7096,0.0820
2026-04-16,369929.5,1937.4810,159.6407,0.0312
2026-04-17,365763.3,1959.5500,172.4012,0.0044
2026-04-18,362957.1,1974.7010,171.7954,0.0051
2026-04-19,361708.9,1981.5150,158.5195,0.0347
2026-04-20,362037.6,1979.7160,144.7382,0.0918
2026-04-21,363791.8,1970.1700,130.9918,0.1720
2026-04-22,366693.3,1954.5800,117.4385,0.2696
2026-04-23,370400.5,1935.0180,104.1629,0.3777
2026-04-24,374570.6,1913.4750,91.2039,0.4895
2026-04-25,378907.7,1891.5730,78.5681,0.5991
2026-04-26,383187.7,1870.4450,66.2412,0.7014
2026-04-27,387262.4,1850.7640,54.1997,0.7925
2026-04-28,391047.5,1832.8500,42.4210,0.8691
2026-04-29,394500.6,1816.8060,30.8961,0.9290
2026-04-30,397597.0,1802.6580,19.6649,0.9708
2026-05-01,400306.6,1790.4560,9.0876,0.9937
2026-05-02,402577.7,1780.3550,5.5694,0.9976
2026-05-03,404329.1,1772.6430,14.9293,0.9831
2026-05-04,405450.7,1767.7390,25.5225,0.9512
2026-05-05,405813.4,1766.1590,36.2325,0.9033
2026-05-06,405285.2,1768.4610,46.9817,0.8411
2026-05-07,403752.2,1775.1760,57.7938,0.7665
2026-05-08,401141.5,1786.7290,68.7220,0.6815
2026-05-09,397445.0,1803.3470,79.8343,0.5883
2026-05-10,392740.9,1824.9470,91.2055,0.4895
2026-05-11,387210.0,1851.0150,102.9104,0.3883
2026-05-12,381143.9,1880.4740,115.0148,0.2886
2026-05-13,374940.1,1911.5890,127.5620,0.1952
2026-05-14,369076.9,1941.9580,140.5541,0.1139
2026-05-15,364065.7,1968.6880,153.9140,0.0509
2026-05-16,360382.2,1988.8100,167.2823,0.0123
2026-05-17,358387.0,1999.8820,174.4823,0.0023
2026-05-18,358257.2,2000.6070,162.6108,0.0229
2026-05-19,359953.7,1991.1780,148.7819,0.0724
2026-05-20,363235.2,1973.1890,134.9843,0.1466
2026-05-21,367715.9,1949.1450,121.4743,0.2390
2026-05-22,372943.4,1921.8240,108.3494,0.3426
2026-05-23,378473.4,1893.7430,95.6390,0.4509
2026-05-24,383924.5,1866.8550,83.3304,0.5581
2026-05-25,389007.0,1842.4640,71.3855,0.6596
2026-05-26,393529.3,1821.2910,59.7550,0.7518
2026-05-27,397386.7,1803.6110,48.3892,0.8320
2026-05-28,400541.1,1789.4070,37.2482,0.8980
2026-05-29,402996.2,1778.5060,26.3196,0.9481
2026-05-30,404773.4,1770.6970,15.6924,0.9814
2026-05-31,405890.7,1765.8230,6.3681,0.9969
2026-06-01,406348.6,1763.8330,8.4371,0.9946
2026-06-02,406123.1,1764.8130,18.3423,0.9746
2026-06-03,405167.5,1768.9750,28.9391,0.9376
2026-06-04,403421.9,1776.6290,39.7341,0.8845
2026-06-05,400830.0,1788.1170,50.6868,0.8168
2026-06-06,397360.2,1803.7320,61.8260,0.7361
2026-06-07,393030.3,1823.6030,73.2035,0.6445
2026-06-08,387931.4,1847.5720,84.8809,0.5446
2026-06-09,382248.6,1875.0400,96.9208,0.4397
2026-06-10,376272.3,1904.8210,109.3764,0.3341
2026-06-11,370394.9,1935.0470,122.2782,0.2330
2026-06-12,365085.6,1963.1880,135.6168,0.1426
2026-06-13,360839.7,1986.2890,149.3156,0.0700
2026-06-14,358104.4,2001.4600,163.1389,0.0215
2026-06-15,357196.4,2006.5480,174.9427,0.0019
2026-06-16,358233.5,2000.7390,166.7423,0.0133
2026-06-17,361107.2,1984.8170,153.0670,0.0543
2026-06-18,365505.7,1960.9310,139.4095,0.1203
2026-06-19,370978.7,1932.0020,126.1027,0.2054
2026-06-20,377020.0,1901.0440,113.2365,0.3028
2026-06-21,383143.2,1870.6620,100.8232,0.4061
2026-06-22,388935.7,1842.8020,88.8314,0.5102
2026-06-23,394086.9,1818.7140,77.2044,0.6107
2026-06-24,398395.2,1799.0460,65.8745,0.7044
2026-06-25,401758.6,1783.9850,54.7728,0.7884
2026-06-26,404156.9,1773.3980,43.8366,0.8606
2026-06-27,405628.5,1766.9650,33.0175,0.9192
2026-06-28,406246.2,1764.2780,22.2992,0.9626
2026-06-29,406094.7,1764.9360,11.8021,0.9894
2026-06-30,405251.6,1768.6080,4.0443,0.9988
2026-07-01,403774.9,1775.0760,11.4707,0.9900
2026-07-02,401697.6,1784.2560,22.1527,0.9631
2026-07-03,399030.3,1796.1830,33.2019,0.9184
2026-07-04,395772.8,1810.9660,44.4763,0.8568
2026-07-05,391932.7,1828.7100,55.9786,0.7798
2026-07-06,387547.8,1849.4010,67.7418,0.6894
2026-07-07,382711.6,1872.7710,79.8085,0.5885
2026-07-08,377594.4,1898.1520,92.2218,0.4806
2026-07-09,372455.7,1924.3400,105.0150,0.3705
2026-07-10,367641.1,1949.5420,118.2000,0.2637
2026-07-11,363557.4,1971.4400,131.7541,0.1670
2026-07-12,360622.8,1987.4830,145.6051,0.0874
2026-07-13,359197.9,1995.3670,159.6056,0.0313
2026-07-14,359511.5,1993.6270,173.2235,0.0035
2026-07-15,361605.5,1982.0820,171.2799,0.0058
2026-07-16,365316.9,1961.9450,157.8271,0.0370
2026-07-17,370304.8,1935.5180,144.4518,0.0932
2026-07-18,376112.2,1905.6320,131.4687,0.1689
2026-07-19,382239.4,1875.0850,118.9350,0.2581
2026-07-20,388212.2,1846.2360,106.8419,0.3551
2026-07-21,393629.5,1820.8270,95.1432,0.4552
2026-07-22,398190.7,1799.9700,83.7711,0.5542
2026-07-23,401704.7,1784.2240,72.6475,0.6491
2026-07-24,404084.5,1773.7160,61.6927,0.7371
2026-07-25,405334.3,1768.2470,50.8312,0.8158
2026-07-26,405529.8,1767.3950,39.9960,0.8830
2026-07-27,404796.4,1770.5970,29.1328,0.9367
2026-07-28,403286.0,1777.2280,18.2095,0.9749
2026-07-29,401155.3,1786.6680,7.3012,0.9959
2026-07-30,398546.7,1798.3620,4.7114,0.9983
2026-07-31,395575.4,1811.8700,15.7781,0.9812
2026-08-01,392324.4,1826.8840,27.3138,0.9443
2026-08-02,388848.0,1843.2170,39.0841,0.8881
2026-08-03,385185.0,1860.7460,51.0820,0.8141
2026-08-04,381379.2,1879.3150,63.3205,0.7245
2026-08-05,377502.5,1898.6140,75.8173,0.6225
2026-08-06,373677.6,1918.0480,88.5889,0.5123
2026-08-07,370090.4,1936.6390,101.6435,0.3991
2026-08-08,366990.1,1953.0000,114.9723,0.2889
2026-08-09,364667.3,1965.4400,128.5405,0.1884
2026-08-10,363413.9,1972.2190,142.2821,0.1045
2026-08-11,363467.5,1971.9280,156.0986,0.0429
2026-08-12,364955.7,1963.8870,169.8580,0.0078
2026-08-13,367855.9,1948.4030,176.3745,0.0010
2026-08-14,371985.0,1926.7750,163.1260,0.0215
2026-08-15,377021.7,1901.0350,150.1634,0.0663
2026-08-16,382553.9,1873.5440,137.6048,0.1308
2026-08-17,388136.4,1846.5960,125.4612,0.2099
2026-08-18,393345.1,1822.1440,113.7057,0.2990
2026-08-19,397818.0,1801.6560,102.2840,0.3936
2026-08-20,401282.5,1786.1010,91.1240,0.4902
2026-08-21,403567.7,1775.9870,80.1443,0.5856
2026-08-22,404606.3,1771.4290,69.2609,0.6770
2026-08-23,404427.5,1772.2120,58.3924,0.7620
2026-08-24,403144.5,1777.8520,47.4643,0.8380
2026-08-25,400936.0,1787.6450,36.4125,0.9024
2026-08-26,398024.6,1800.7210,25.1865,0.9524
2026-08-27,394651.5,1816.1120,13.7517,0.9857
